stdio    D         file_stdio.c:110  file_stdio_fopen                 [   0.00000] opening C:\Users\user\OneDrive\桌面\I2P1_final\ver3\NoZuoNoDie\allegro5.cfg r
system   D            wsystem.c:874  _al_win_safe_load_library        [   0.00000] PathFindOnPath found: C:\WINDOWS\system32\shcore.dll
system   D            wsystem.c:780  load_library_at_path             [   0.00000] Calling LoadLibrary C:\WINDOWS\system32\shcore.dll
system   I            wsystem.c:783  load_library_at_path             [   0.00000] Loaded C:\WINDOWS\system32\shcore.dll
system   I             system.c:271  al_install_system                [   0.00000] Allegro version: 5.2.7
audio-dsound I           dsound.cpp:271  _dsound_open                     [   0.00036] Starting DirectSound...
audio-dsound D           dsound.cpp:280  _dsound_open                     [   0.01917] DirectSoundCreate8 succeeded
audio-dsound I           dsound.cpp:73   get_window                       [   0.01926] Using desktop window: 000000000001000c
audio    I              audio.c:347  do_install_audio                 [   0.01931] Using DirectSound driver
audio-dsound D           dsound.cpp:311  _dsound_allocate_voice           [   0.01933] Allocating voice
audio-dsound D           dsound.cpp:370  _dsound_allocate_voice           [   0.01934] Allocated voice
dtor     D               dtor.c:196  _al_register_destructor          [   0.01936] added dtor for voice 00000000006d8f20, func 00007ff887225024
dtor     D               dtor.c:196  _al_register_destructor          [   0.01937] added dtor for mixer 00000000006dace0, func 00007ff8872204dc
audio-dsound D           dsound.cpp:466  _dsound_start_voice              [   0.01939] Starting voice
audio-dsound D           dsound.cpp:494  _dsound_start_voice              [   0.01939] CreateSoundBuffer
audio-dsound D           dsound.cpp:502  _dsound_start_voice              [   0.02052] CreateSoundBuffer succeeded
audio-dsound D           dsound.cpp:508  _dsound_start_voice              [   0.02056] Starting _dsound_update thread
audio-dsound I           dsound.cpp:518  _dsound_start_voice              [   0.02062] Voice started
dtor     D               dtor.c:196  _al_register_destructor          [   0.02064] added dtor for sample_instance 00000000006db270, func 00007ff88721929b
audio    D          kcm_mixer.c:121  _al_rechannel_matrix             [   0.02065] sample matrix:
audio    D          kcm_mixer.c:127  _al_rechannel_matrix             [   0.02066] 
audio    D          kcm_mixer.c:127  _al_rechannel_matrix             [   0.02067] 
dtor     D               dtor.c:196  _al_register_destructor          [   0.02068] added dtor for sample_instance 00000000006db7d0, func 00007ff88721929b
audio    D          kcm_mixer.c:121  _al_rechannel_matrix             [   0.02069] sample matrix:
audio    D          kcm_mixer.c:127  _al_rechannel_matrix             [   0.02069] 
audio    D          kcm_mixer.c:127  _al_rechannel_matrix             [   0.02070] 
dtor     D               dtor.c:196  _al_register_destructor          [   0.02072] added dtor for sample_instance 00000000006daf80, func 00007ff88721929b
audio    D          kcm_mixer.c:121  _al_rechannel_matrix             [   0.02078] sample matrix:
audio    D          kcm_mixer.c:127  _al_rechannel_matrix             [   0.02084] 
audio    D          kcm_mixer.c:127  _al_rechannel_matrix             [   0.02085] 
dtor     D               dtor.c:196  _al_register_destructor          [   0.02086] added dtor for sample_instance 00000000028804c0, func 00007ff88721929b
audio    D          kcm_mixer.c:121  _al_rechannel_matrix             [   0.02087] sample matrix:
audio    D          kcm_mixer.c:127  _al_rechannel_matrix             [   0.02088] 
audio    D          kcm_mixer.c:127  _al_rechannel_matrix             [   0.02089] 
dtor     D               dtor.c:196  _al_register_destructor          [   0.02089] added dtor for sample_instance 0000000002880040, func 00007ff88721929b
audio    D          kcm_mixer.c:121  _al_rechannel_matrix             [   0.02090] sample matrix:
audio    D          kcm_mixer.c:127  _al_rechannel_matrix             [   0.02096] 
audio    D          kcm_mixer.c:127  _al_rechannel_matrix             [   0.02097] 
dtor     D               dtor.c:196  _al_register_destructor          [   0.02098] added dtor for sample_instance 0000000002880dc0, func 00007ff88721929b
audio    D          kcm_mixer.c:121  _al_rechannel_matrix             [   0.02099] sample matrix:
audio    D          kcm_mixer.c:127  _al_rechannel_matrix             [   0.02099] 
audio    D          kcm_mixer.c:127  _al_rechannel_matrix             [   0.02100] 
dtor     D               dtor.c:196  _al_register_destructor          [   0.02101] added dtor for sample_instance 0000000002880280, func 00007ff88721929b
audio    D          kcm_mixer.c:121  _al_rechannel_matrix             [   0.02102] sample matrix:
audio    D          kcm_mixer.c:127  _al_rechannel_matrix             [   0.02103] 
audio    D          kcm_mixer.c:127  _al_rechannel_matrix             [   0.02103] 
dtor     D               dtor.c:196  _al_register_destructor          [   0.02104] added dtor for sample_instance 0000000002880160, func 00007ff88721929b
audio    D          kcm_mixer.c:121  _al_rechannel_matrix             [   0.02105] sample matrix:
audio    D          kcm_mixer.c:127  _al_rechannel_matrix             [   0.02106] 
audio    D          kcm_mixer.c:127  _al_rechannel_matrix             [   0.02106] 
dtor     D               dtor.c:196  _al_register_destructor          [   0.02107] added dtor for sample_instance 00000000028803a0, func 00007ff88721929b
audio    D          kcm_mixer.c:121  _al_rechannel_matrix             [   0.02108] sample matrix:
audio    D          kcm_mixer.c:127  _al_rechannel_matrix             [   0.02109] 
audio    D          kcm_mixer.c:127  _al_rechannel_matrix             [   0.02109] 
dtor     D               dtor.c:196  _al_register_destructor          [   0.02110] added dtor for sample_instance 0000000002880ca0, func 00007ff88721929b
audio    D          kcm_mixer.c:121  _al_rechannel_matrix             [   0.02111] sample matrix:
audio    D          kcm_mixer.c:127  _al_rechannel_matrix             [   0.02112] 
audio    D          kcm_mixer.c:127  _al_rechannel_matrix             [   0.02112] 
dtor     D               dtor.c:196  _al_register_destructor          [   0.02113] added dtor for sample_instance 00000000028805e0, func 00007ff88721929b
audio    D          kcm_mixer.c:121  _al_rechannel_matrix             [   0.02114] sample matrix:
audio    D          kcm_mixer.c:127  _al_rechannel_matrix             [   0.02115] 
audio    D          kcm_mixer.c:127  _al_rechannel_matrix             [   0.02115] 
dtor     D               dtor.c:196  _al_register_destructor          [   0.02116] added dtor for sample_instance 0000000002880940, func 00007ff88721929b
audio    D          kcm_mixer.c:121  _al_rechannel_matrix             [   0.02117] sample matrix:
audio    D          kcm_mixer.c:127  _al_rechannel_matrix             [   0.02118] 
audio    D          kcm_mixer.c:127  _al_rechannel_matrix             [   0.02118] 
dtor     D               dtor.c:196  _al_register_destructor          [   0.02119] added dtor for sample_instance 0000000002880700, func 00007ff88721929b
audio    D          kcm_mixer.c:121  _al_rechannel_matrix             [   0.02120] sample matrix:
audio    D          kcm_mixer.c:127  _al_rechannel_matrix             [   0.02121] 
audio    D          kcm_mixer.c:127  _al_rechannel_matrix             [   0.02121] 
dtor     D               dtor.c:196  _al_register_destructor          [   0.02122] added dtor for sample_instance 0000000002880820, func 00007ff88721929b
audio    D          kcm_mixer.c:121  _al_rechannel_matrix             [   0.02123] sample matrix:
audio    D          kcm_mixer.c:127  _al_rechannel_matrix             [   0.02124] 
audio    D          kcm_mixer.c:127  _al_rechannel_matrix             [   0.02125] 
dtor     D               dtor.c:196  _al_register_destructor          [   0.02125] added dtor for sample_instance 0000000002880a60, func 00007ff88721929b
audio    D          kcm_mixer.c:121  _al_rechannel_matrix             [   0.02126] sample matrix:
audio    D          kcm_mixer.c:127  _al_rechannel_matrix             [   0.02127] 
audio    D          kcm_mixer.c:127  _al_rechannel_matrix             [   0.02128] 
dtor     D               dtor.c:196  _al_register_destructor          [   0.02129] added dtor for sample_instance 0000000002880b80, func 00007ff88721929b
audio    D          kcm_mixer.c:121  _al_rechannel_matrix             [   0.02130] sample matrix:
audio    D          kcm_mixer.c:127  _al_rechannel_matrix             [   0.02131] 
audio    D          kcm_mixer.c:127  _al_rechannel_matrix             [   0.02131] 
dtor     D               dtor.c:196  _al_register_destructor          [   0.02133] added dtor for sample_instance 00000000006dcd10, func 00007ff88721929b
audio    D          kcm_mixer.c:121  _al_rechannel_matrix             [   0.02133] sample matrix:
audio    D          kcm_mixer.c:127  _al_rechannel_matrix             [   0.02134] 
audio    D          kcm_mixer.c:127  _al_rechannel_matrix             [   0.02135] 
dtor     D               dtor.c:196  _al_register_destructor          [   0.02136] added dtor for sample_instance 00000000006dc650, func 00007ff88721929b
audio    D          kcm_mixer.c:121  _al_rechannel_matrix             [   0.02136] sample matrix:
audio    D          kcm_mixer.c:127  _al_rechannel_matrix             [   0.02137] 
audio    D          kcm_mixer.c:127  _al_rechannel_matrix             [   0.02138] 
dtor     D               dtor.c:196  _al_register_destructor          [   0.02139] added dtor for sample_instance 00000000006dc1d0, func 00007ff88721929b
audio    D          kcm_mixer.c:121  _al_rechannel_matrix             [   0.02139] sample matrix:
audio    D          kcm_mixer.c:127  _al_rechannel_matrix             [   0.02140] 
audio    D          kcm_mixer.c:127  _al_rechannel_matrix             [   0.02141] 
dtor     D               dtor.c:196  _al_register_destructor          [   0.02142] added dtor for sample_instance 00000000006dce30, func 00007ff88721929b
audio    D          kcm_mixer.c:121  _al_rechannel_matrix             [   0.02142] sample matrix:
audio    D          kcm_mixer.c:127  _al_rechannel_matrix             [   0.02143] 
audio    D          kcm_mixer.c:127  _al_rechannel_matrix             [   0.02144] 
audio-dsound D           dsound.cpp:528  _dsound_stop_voice               [   0.02145] Stopping voice
audio-dsound D           dsound.cpp:545  _dsound_stop_voice               [   0.02145] Joining thread
audio-dsound D           dsound.cpp:551  _dsound_stop_voice               [   0.06581] Joined thread
audio-dsound D           dsound.cpp:553  _dsound_stop_voice               [   0.06586] Destroying thread
audio-dsound D           dsound.cpp:555  _dsound_stop_voice               [   0.06589] Thread destroyed
audio-dsound D           dsound.cpp:562  _dsound_stop_voice               [   0.06590] Releasing buffer
audio-dsound I           dsound.cpp:566  _dsound_stop_voice               [   0.06591] Voice stopped
audio-dsound D           dsound.cpp:466  _dsound_start_voice              [   0.06592] Starting voice
audio-dsound D           dsound.cpp:494  _dsound_start_voice              [   0.06592] CreateSoundBuffer
audio-dsound D           dsound.cpp:502  _dsound_start_voice              [   0.06600] CreateSoundBuffer succeeded
audio-dsound D           dsound.cpp:508  _dsound_start_voice              [   0.06601] Starting _dsound_update thread
audio-dsound I           dsound.cpp:518  _dsound_start_voice              [   0.06605] Voice started
system   D            wsystem.c:874  _al_win_safe_load_library        [   0.06617] PathFindOnPath found: C:\WINDOWS\system32\d3d9.dll
system   D            wsystem.c:780  load_library_at_path             [   0.06619] Calling LoadLibrary C:\WINDOWS\system32\d3d9.dll
system   I            wsystem.c:783  load_library_at_path             [   0.06742] Loaded C:\WINDOWS\system32\d3d9.dll
d3d      I         d3d_disp.cpp:684  d3d_init_display                 [   0.12574] Render-to-texture: 1
d3d      I         d3d_disp.cpp:1782 d3d_create_display_locked        [   0.12632] faux_fullscreen=0
d3d      D         d3d_disp.cpp:1783 d3d_create_display_locked        [   0.12633] al_display=00000000028825b0
d3d      D         d3d_disp.cpp:1784 d3d_create_display_locked        [   0.12634] al_display->vt=00000000006ded40
d3d      I d3d_display_formats.cpp:144  _al_d3d_generate_display_format_list [   0.13197] found 128 format combinations
display  D   display_settings.c:212  debug_display_settings           [   0.13202] color: 32 (rgba 8880), depth: 0, stencil: 0, acc: 0000, samples: 0/0
display  D   display_settings.c:527  _al_score_display_settings       [   0.13203] Score is : 897
display  D   display_settings.c:212  debug_display_settings           [   0.13204] color: 32 (rgba 8880), depth: 0, stencil: 0, acc: 0000, samples: 0/0
display  D   display_settings.c:527  _al_score_display_settings       [   0.13204] Score is : 897
display  D   display_settings.c:212  debug_display_settings           [   0.13205] color: 32 (rgba 8880), depth: 0, stencil: 0, acc: 0000, samples: 2/1
display  D   display_settings.c:527  _al_score_display_settings       [   0.13206] Score is : 726
display  D   display_settings.c:212  debug_display_settings           [   0.13207] color: 32 (rgba 8880), depth: 0, stencil: 0, acc: 0000, samples: 3/1
display  D   display_settings.c:527  _al_score_display_settings       [   0.13208] Score is : 721
display  D   display_settings.c:212  debug_display_settings           [   0.13209] color: 32 (rgba 8880), depth: 24, stencil: 8, acc: 0000, samples: 0/0
display  D   display_settings.c:527  _al_score_display_settings       [   0.13209] Score is : 897
display  D   display_settings.c:212  debug_display_settings           [   0.13210] color: 32 (rgba 8880), depth: 24, stencil: 8, acc: 0000, samples: 0/0
display  D   display_settings.c:527  _al_score_display_settings       [   0.13211] Score is : 897
display  D   display_settings.c:212  debug_display_settings           [   0.13212] color: 32 (rgba 8880), depth: 24, stencil: 8, acc: 0000, samples: 2/1
display  D   display_settings.c:527  _al_score_display_settings       [   0.13213] Score is : 726
display  D   display_settings.c:212  debug_display_settings           [   0.13213] color: 32 (rgba 8880), depth: 24, stencil: 8, acc: 0000, samples: 3/1
display  D   display_settings.c:527  _al_score_display_settings       [   0.13214] Score is : 721
display  D   display_settings.c:212  debug_display_settings           [   0.13215] color: 32 (rgba 8880), depth: 24, stencil: 0, acc: 0000, samples: 0/0
display  D   display_settings.c:527  _al_score_display_settings       [   0.13216] Score is : 897
display  D   display_settings.c:212  debug_display_settings           [   0.13216] color: 32 (rgba 8880), depth: 24, stencil: 0, acc: 0000, samples: 0/0
display  D   display_settings.c:527  _al_score_display_settings       [   0.13217] Score is : 897
display  D   display_settings.c:212  debug_display_settings           [   0.13218] color: 32 (rgba 8880), depth: 24, stencil: 0, acc: 0000, samples: 2/1
display  D   display_settings.c:527  _al_score_display_settings       [   0.13219] Score is : 726
display  D   display_settings.c:212  debug_display_settings           [   0.13219] color: 32 (rgba 8880), depth: 24, stencil: 0, acc: 0000, samples: 3/1
display  D   display_settings.c:527  _al_score_display_settings       [   0.13220] Score is : 721
display  D   display_settings.c:212  debug_display_settings           [   0.13221] color: 32 (rgba 8880), depth: 16, stencil: 0, acc: 0000, samples: 0/0
display  D   display_settings.c:527  _al_score_display_settings       [   0.13222] Score is : 897
display  D   display_settings.c:212  debug_display_settings           [   0.13223] color: 32 (rgba 8880), depth: 16, stencil: 0, acc: 0000, samples: 0/0
display  D   display_settings.c:527  _al_score_display_settings       [   0.13223] Score is : 897
display  D   display_settings.c:212  debug_display_settings           [   0.13228] color: 32 (rgba 8880), depth: 16, stencil: 0, acc: 0000, samples: 2/1
display  D   display_settings.c:527  _al_score_display_settings       [   0.13229] Score is : 726
display  D   display_settings.c:212  debug_display_settings           [   0.13229] color: 32 (rgba 8880), depth: 16, stencil: 0, acc: 0000, samples: 3/1
display  D   display_settings.c:527  _al_score_display_settings       [   0.13230] Score is : 721
display  D   display_settings.c:212  debug_display_settings           [   0.13231] color: 16 (rgba 5650), depth: 0, stencil: 0, acc: 0000, samples: 0/0
display  D   display_settings.c:527  _al_score_display_settings       [   0.13232] Score is : 897
display  D   display_settings.c:212  debug_display_settings           [   0.13233] color: 16 (rgba 5650), depth: 0, stencil: 0, acc: 0000, samples: 0/0
display  D   display_settings.c:527  _al_score_display_settings       [   0.13233] Score is : 897
display  D   display_settings.c:212  debug_display_settings           [   0.13234] color: 16 (rgba 5650), depth: 0, stencil: 0, acc: 0000, samples: 2/1
display  D   display_settings.c:527  _al_score_display_settings       [   0.13235] Score is : 726
display  D   display_settings.c:212  debug_display_settings           [   0.13236] color: 16 (rgba 5650), depth: 0, stencil: 0, acc: 0000, samples: 3/1
display  D   display_settings.c:527  _al_score_display_settings       [   0.13236] Score is : 721
display  D   display_settings.c:212  debug_display_settings           [   0.13237] color: 16 (rgba 5650), depth: 24, stencil: 8, acc: 0000, samples: 0/0
display  D   display_settings.c:527  _al_score_display_settings       [   0.13238] Score is : 897
display  D   display_settings.c:212  debug_display_settings           [   0.13239] color: 16 (rgba 5650), depth: 24, stencil: 8, acc: 0000, samples: 0/0
display  D   display_settings.c:527  _al_score_display_settings       [   0.13240] Score is : 897
display  D   display_settings.c:212  debug_display_settings           [   0.13240] color: 16 (rgba 5650), depth: 24, stencil: 8, acc: 0000, samples: 2/1
display  D   display_settings.c:527  _al_score_display_settings       [   0.13241] Score is : 726
display  D   display_settings.c:212  debug_display_settings           [   0.13242] color: 16 (rgba 5650), depth: 24, stencil: 8, acc: 0000, samples: 3/1
display  D   display_settings.c:527  _al_score_display_settings       [   0.13243] Score is : 721
display  D   display_settings.c:212  debug_display_settings           [   0.13243] color: 16 (rgba 5650), depth: 24, stencil: 0, acc: 0000, samples: 0/0
display  D   display_settings.c:527  _al_score_display_settings       [   0.13244] Score is : 897
display  D   display_settings.c:212  debug_display_settings           [   0.13245] color: 16 (rgba 5650), depth: 24, stencil: 0, acc: 0000, samples: 0/0
display  D   display_settings.c:527  _al_score_display_settings       [   0.13246] Score is : 897
display  D   display_settings.c:212  debug_display_settings           [   0.13246] color: 16 (rgba 5650), depth: 24, stencil: 0, acc: 0000, samples: 2/1
display  D   display_settings.c:527  _al_score_display_settings       [   0.13247] Score is : 726
display  D   display_settings.c:212  debug_display_settings           [   0.13248] color: 16 (rgba 5650), depth: 24, stencil: 0, acc: 0000, samples: 3/1
display  D   display_settings.c:527  _al_score_display_settings       [   0.13249] Score is : 721
display  D   display_settings.c:212  debug_display_settings           [   0.13250] color: 16 (rgba 5650), depth: 16, stencil: 0, acc: 0000, samples: 0/0
display  D   display_settings.c:527  _al_score_display_settings       [   0.13250] Score is : 897
display  D   display_settings.c:212  debug_display_settings           [   0.13251] color: 16 (rgba 5650), depth: 16, stencil: 0, acc: 0000, samples: 0/0
display  D   display_settings.c:527  _al_score_display_settings       [   0.13252] Score is : 897
display  D   display_settings.c:212  debug_display_settings           [   0.13253] color: 16 (rgba 5650), depth: 16, stencil: 0, acc: 0000, samples: 2/1
display  D   display_settings.c:527  _al_score_display_settings       [   0.13254] Score is : 726
display  D   display_settings.c:212  debug_display_settings           [   0.13255] color: 16 (rgba 5650), depth: 16, stencil: 0, acc: 0000, samples: 3/1
display  D   display_settings.c:527  _al_score_display_settings       [   0.13255] Score is : 721
display  D   display_settings.c:212  debug_display_settings           [   0.13256] color: 32 (rgba 8880), depth: 0, stencil: 0, acc: 0000, samples: 0/0
display  D   display_settings.c:398  _al_score_display_settings       [   0.13257] Single Buffer requirement not met.
display  D   display_settings.c:212  debug_display_settings           [   0.13258] color: 32 (rgba 8880), depth: 0, stencil: 0, acc: 0000, samples: 0/0
display  D   display_settings.c:398  _al_score_display_settings       [   0.13258] Single Buffer requirement not met.
display  D   display_settings.c:212  debug_display_settings           [   0.13259] color: 32 (rgba 8880), depth: 0, stencil: 0, acc: 0000, samples: 2/1
display  D   display_settings.c:398  _al_score_display_settings       [   0.13260] Single Buffer requirement not met.
display  D   display_settings.c:212  debug_display_settings           [   0.13261] color: 32 (rgba 8880), depth: 0, stencil: 0, acc: 0000, samples: 3/1
display  D   display_settings.c:398  _al_score_display_settings       [   0.13262] Single Buffer requirement not met.
display  D   display_settings.c:212  debug_display_settings           [   0.13262] color: 32 (rgba 8880), depth: 24, stencil: 8, acc: 0000, samples: 0/0
display  D   display_settings.c:398  _al_score_display_settings       [   0.13263] Single Buffer requirement not met.
display  D   display_settings.c:212  debug_display_settings           [   0.13264] color: 32 (rgba 8880), depth: 24, stencil: 8, acc: 0000, samples: 0/0
display  D   display_settings.c:398  _al_score_display_settings       [   0.13265] Single Buffer requirement not met.
display  D   display_settings.c:212  debug_display_settings           [   0.13266] color: 32 (rgba 8880), depth: 24, stencil: 8, acc: 0000, samples: 2/1
display  D   display_settings.c:398  _al_score_display_settings       [   0.13267] Single Buffer requirement not met.
display  D   display_settings.c:212  debug_display_settings           [   0.13267] color: 32 (rgba 8880), depth: 24, stencil: 8, acc: 0000, samples: 3/1
display  D   display_settings.c:398  _al_score_display_settings       [   0.13268] Single Buffer requirement not met.
display  D   display_settings.c:212  debug_display_settings           [   0.13269] color: 32 (rgba 8880), depth: 24, stencil: 0, acc: 0000, samples: 0/0
display  D   display_settings.c:398  _al_score_display_settings       [   0.13270] Single Buffer requirement not met.
display  D   display_settings.c:212  debug_display_settings           [   0.13270] color: 32 (rgba 8880), depth: 24, stencil: 0, acc: 0000, samples: 0/0
display  D   display_settings.c:398  _al_score_display_settings       [   0.13271] Single Buffer requirement not met.
display  D   display_settings.c:212  debug_display_settings           [   0.13272] color: 32 (rgba 8880), depth: 24, stencil: 0, acc: 0000, samples: 2/1
display  D   display_settings.c:398  _al_score_display_settings       [   0.13273] Single Buffer requirement not met.
display  D   display_settings.c:212  debug_display_settings           [   0.13274] color: 32 (rgba 8880), depth: 24, stencil: 0, acc: 0000, samples: 3/1
display  D   display_settings.c:398  _al_score_display_settings       [   0.13274] Single Buffer requirement not met.
display  D   display_settings.c:212  debug_display_settings           [   0.13275] color: 32 (rgba 8880), depth: 16, stencil: 0, acc: 0000, samples: 0/0
display  D   display_settings.c:398  _al_score_display_settings       [   0.13276] Single Buffer requirement not met.
display  D   display_settings.c:212  debug_display_settings           [   0.13277] color: 32 (rgba 8880), depth: 16, stencil: 0, acc: 0000, samples: 0/0
display  D   display_settings.c:398  _al_score_display_settings       [   0.13278] Single Buffer requirement not met.
display  D   display_settings.c:212  debug_display_settings           [   0.13279] color: 32 (rgba 8880), depth: 16, stencil: 0, acc: 0000, samples: 2/1
display  D   display_settings.c:398  _al_score_display_settings       [   0.13279] Single Buffer requirement not met.
display  D   display_settings.c:212  debug_display_settings           [   0.13280] color: 32 (rgba 8880), depth: 16, stencil: 0, acc: 0000, samples: 3/1
display  D   display_settings.c:398  _al_score_display_settings       [   0.13281] Single Buffer requirement not met.
display  D   display_settings.c:212  debug_display_settings           [   0.13282] color: 16 (rgba 5650), depth: 0, stencil: 0, acc: 0000, samples: 0/0
display  D   display_settings.c:398  _al_score_display_settings       [   0.13283] Single Buffer requirement not met.
display  D   display_settings.c:212  debug_display_settings           [   0.13284] color: 16 (rgba 5650), depth: 0, stencil: 0, acc: 0000, samples: 0/0
display  D   display_settings.c:398  _al_score_display_settings       [   0.13285] Single Buffer requirement not met.
display  D   display_settings.c:212  debug_display_settings           [   0.13286] color: 16 (rgba 5650), depth: 0, stencil: 0, acc: 0000, samples: 2/1
display  D   display_settings.c:398  _al_score_display_settings       [   0.13286] Single Buffer requirement not met.
display  D   display_settings.c:212  debug_display_settings           [   0.13287] color: 16 (rgba 5650), depth: 0, stencil: 0, acc: 0000, samples: 3/1
display  D   display_settings.c:398  _al_score_display_settings       [   0.13288] Single Buffer requirement not met.
display  D   display_settings.c:212  debug_display_settings           [   0.13289] color: 16 (rgba 5650), depth: 24, stencil: 8, acc: 0000, samples: 0/0
display  D   display_settings.c:398  _al_score_display_settings       [   0.13290] Single Buffer requirement not met.
display  D   display_settings.c:212  debug_display_settings           [   0.13290] color: 16 (rgba 5650), depth: 24, stencil: 8, acc: 0000, samples: 0/0
display  D   display_settings.c:398  _al_score_display_settings       [   0.13291] Single Buffer requirement not met.
display  D   display_settings.c:212  debug_display_settings           [   0.13292] color: 16 (rgba 5650), depth: 24, stencil: 8, acc: 0000, samples: 2/1
display  D   display_settings.c:398  _al_score_display_settings       [   0.13293] Single Buffer requirement not met.
display  D   display_settings.c:212  debug_display_settings           [   0.13294] color: 16 (rgba 5650), depth: 24, stencil: 8, acc: 0000, samples: 3/1
display  D   display_settings.c:398  _al_score_display_settings       [   0.13294] Single Buffer requirement not met.
display  D   display_settings.c:212  debug_display_settings           [   0.13295] color: 16 (rgba 5650), depth: 24, stencil: 0, acc: 0000, samples: 0/0
display  D   display_settings.c:398  _al_score_display_settings       [   0.13296] Single Buffer requirement not met.
display  D   display_settings.c:212  debug_display_settings           [   0.13297] color: 16 (rgba 5650), depth: 24, stencil: 0, acc: 0000, samples: 0/0
display  D   display_settings.c:398  _al_score_display_settings       [   0.13298] Single Buffer requirement not met.
display  D   display_settings.c:212  debug_display_settings           [   0.13298] color: 16 (rgba 5650), depth: 24, stencil: 0, acc: 0000, samples: 2/1
display  D   display_settings.c:398  _al_score_display_settings       [   0.13299] Single Buffer requirement not met.
display  D   display_settings.c:212  debug_display_settings           [   0.13300] color: 16 (rgba 5650), depth: 24, stencil: 0, acc: 0000, samples: 3/1
display  D   display_settings.c:398  _al_score_display_settings       [   0.13301] Single Buffer requirement not met.
display  D   display_settings.c:212  debug_display_settings           [   0.13302] color: 16 (rgba 5650), depth: 16, stencil: 0, acc: 0000, samples: 0/0
display  D   display_settings.c:398  _al_score_display_settings       [   0.13303] Single Buffer requirement not met.
display  D   display_settings.c:212  debug_display_settings           [   0.13303] color: 16 (rgba 5650), depth: 16, stencil: 0, acc: 0000, samples: 0/0
display  D   display_settings.c:398  _al_score_display_settings       [   0.13304] Single Buffer requirement not met.
display  D   display_settings.c:212  debug_display_settings           [   0.13305] color: 16 (rgba 5650), depth: 16, stencil: 0, acc: 0000, samples: 2/1
display  D   display_settings.c:398  _al_score_display_settings       [   0.13306] Single Buffer requirement not met.
display  D   display_settings.c:212  debug_display_settings           [   0.13307] color: 16 (rgba 5650), depth: 16, stencil: 0, acc: 0000, samples: 3/1
display  D   display_settings.c:398  _al_score_display_settings       [   0.13308] Single Buffer requirement not met.
display  D   display_settings.c:212  debug_display_settings           [   0.13308] color: 32 (rgba 8880), depth: 0, stencil: 0, acc: 0000, samples: 0/0
display  D   display_settings.c:527  _al_score_display_settings       [   0.13309] Score is : 769
display  D   display_settings.c:212  debug_display_settings           [   0.13310] color: 32 (rgba 8880), depth: 0, stencil: 0, acc: 0000, samples: 0/0
display  D   display_settings.c:527  _al_score_display_settings       [   0.13311] Score is : 769
display  D   display_settings.c:212  debug_display_settings           [   0.13311] color: 32 (rgba 8880), depth: 0, stencil: 0, acc: 0000, samples: 2/1
display  D   display_settings.c:527  _al_score_display_settings       [   0.13312] Score is : 598
display  D   display_settings.c:212  debug_display_settings           [   0.13313] color: 32 (rgba 8880), depth: 0, stencil: 0, acc: 0000, samples: 3/1
display  D   display_settings.c:527  _al_score_display_settings       [   0.13314] Score is : 593
display  D   display_settings.c:212  debug_display_settings           [   0.13315] color: 32 (rgba 8880), depth: 24, stencil: 8, acc: 0000, samples: 0/0
display  D   display_settings.c:527  _al_score_display_settings       [   0.13315] Score is : 769
display  D   display_settings.c:212  debug_display_settings           [   0.13316] color: 32 (rgba 8880), depth: 24, stencil: 8, acc: 0000, samples: 0/0
display  D   display_settings.c:527  _al_score_display_settings       [   0.13317] Score is : 769
display  D   display_settings.c:212  debug_display_settings           [   0.13318] color: 32 (rgba 8880), depth: 24, stencil: 8, acc: 0000, samples: 2/1
display  D   display_settings.c:527  _al_score_display_settings       [   0.13319] Score is : 598
display  D   display_settings.c:212  debug_display_settings           [   0.13319] color: 32 (rgba 8880), depth: 24, stencil: 8, acc: 0000, samples: 3/1
display  D   display_settings.c:527  _al_score_display_settings       [   0.13320] Score is : 593
display  D   display_settings.c:212  debug_display_settings           [   0.13321] color: 32 (rgba 8880), depth: 24, stencil: 0, acc: 0000, samples: 0/0
display  D   display_settings.c:527  _al_score_display_settings       [   0.13322] Score is : 769
display  D   display_settings.c:212  debug_display_settings           [   0.13323] color: 32 (rgba 8880), depth: 24, stencil: 0, acc: 0000, samples: 0/0
display  D   display_settings.c:527  _al_score_display_settings       [   0.13323] Score is : 769
display  D   display_settings.c:212  debug_display_settings           [   0.13324] color: 32 (rgba 8880), depth: 24, stencil: 0, acc: 0000, samples: 2/1
display  D   display_settings.c:527  _al_score_display_settings       [   0.13325] Score is : 598
display  D   display_settings.c:212  debug_display_settings           [   0.13326] color: 32 (rgba 8880), depth: 24, stencil: 0, acc: 0000, samples: 3/1
display  D   display_settings.c:527  _al_score_display_settings       [   0.13326] Score is : 593
display  D   display_settings.c:212  debug_display_settings           [   0.13327] color: 32 (rgba 8880), depth: 16, stencil: 0, acc: 0000, samples: 0/0
display  D   display_settings.c:527  _al_score_display_settings       [   0.13329] Score is : 769
display  D   display_settings.c:212  debug_display_settings           [   0.13330] color: 32 (rgba 8880), depth: 16, stencil: 0, acc: 0000, samples: 0/0
display  D   display_settings.c:527  _al_score_display_settings       [   0.13331] Score is : 769
display  D   display_settings.c:212  debug_display_settings           [   0.13332] color: 32 (rgba 8880), depth: 16, stencil: 0, acc: 0000, samples: 2/1
display  D   display_settings.c:527  _al_score_display_settings       [   0.13333] Score is : 598
display  D   display_settings.c:212  debug_display_settings           [   0.13333] color: 32 (rgba 8880), depth: 16, stencil: 0, acc: 0000, samples: 3/1
display  D   display_settings.c:527  _al_score_display_settings       [   0.13334] Score is : 593
display  D   display_settings.c:212  debug_display_settings           [   0.13335] color: 16 (rgba 5650), depth: 0, stencil: 0, acc: 0000, samples: 0/0
display  D   display_settings.c:527  _al_score_display_settings       [   0.13336] Score is : 769
display  D   display_settings.c:212  debug_display_settings           [   0.13336] color: 16 (rgba 5650), depth: 0, stencil: 0, acc: 0000, samples: 0/0
display  D   display_settings.c:527  _al_score_display_settings       [   0.13337] Score is : 769
display  D   display_settings.c:212  debug_display_settings           [   0.13338] color: 16 (rgba 5650), depth: 0, stencil: 0, acc: 0000, samples: 2/1
display  D   display_settings.c:527  _al_score_display_settings       [   0.13339] Score is : 598
display  D   display_settings.c:212  debug_display_settings           [   0.13340] color: 16 (rgba 5650), depth: 0, stencil: 0, acc: 0000, samples: 3/1
display  D   display_settings.c:527  _al_score_display_settings       [   0.13340] Score is : 593
display  D   display_settings.c:212  debug_display_settings           [   0.13341] color: 16 (rgba 5650), depth: 24, stencil: 8, acc: 0000, samples: 0/0
display  D   display_settings.c:527  _al_score_display_settings       [   0.13342] Score is : 769
display  D   display_settings.c:212  debug_display_settings           [   0.13343] color: 16 (rgba 5650), depth: 24, stencil: 8, acc: 0000, samples: 0/0
display  D   display_settings.c:527  _al_score_display_settings       [   0.13343] Score is : 769
display  D   display_settings.c:212  debug_display_settings           [   0.13345] color: 16 (rgba 5650), depth: 24, stencil: 8, acc: 0000, samples: 2/1
display  D   display_settings.c:527  _al_score_display_settings       [   0.13346] Score is : 598
display  D   display_settings.c:212  debug_display_settings           [   0.13347] color: 16 (rgba 5650), depth: 24, stencil: 8, acc: 0000, samples: 3/1
display  D   display_settings.c:527  _al_score_display_settings       [   0.13348] Score is : 593
display  D   display_settings.c:212  debug_display_settings           [   0.13348] color: 16 (rgba 5650), depth: 24, stencil: 0, acc: 0000, samples: 0/0
display  D   display_settings.c:527  _al_score_display_settings       [   0.13349] Score is : 769
display  D   display_settings.c:212  debug_display_settings           [   0.13350] color: 16 (rgba 5650), depth: 24, stencil: 0, acc: 0000, samples: 0/0
display  D   display_settings.c:527  _al_score_display_settings       [   0.13351] Score is : 769
display  D   display_settings.c:212  debug_display_settings           [   0.13351] color: 16 (rgba 5650), depth: 24, stencil: 0, acc: 0000, samples: 2/1
display  D   display_settings.c:527  _al_score_display_settings       [   0.13352] Score is : 598
display  D   display_settings.c:212  debug_display_settings           [   0.13353] color: 16 (rgba 5650), depth: 24, stencil: 0, acc: 0000, samples: 3/1
display  D   display_settings.c:527  _al_score_display_settings       [   0.13354] Score is : 593
display  D   display_settings.c:212  debug_display_settings           [   0.13354] color: 16 (rgba 5650), depth: 16, stencil: 0, acc: 0000, samples: 0/0
display  D   display_settings.c:527  _al_score_display_settings       [   0.13356] Score is : 769
display  D   display_settings.c:212  debug_display_settings           [   0.13357] color: 16 (rgba 5650), depth: 16, stencil: 0, acc: 0000, samples: 0/0
display  D   display_settings.c:527  _al_score_display_settings       [   0.13358] Score is : 769
display  D   display_settings.c:212  debug_display_settings           [   0.13358] color: 16 (rgba 5650), depth: 16, stencil: 0, acc: 0000, samples: 2/1
display  D   display_settings.c:527  _al_score_display_settings       [   0.13359] Score is : 598
display  D   display_settings.c:212  debug_display_settings           [   0.13360] color: 16 (rgba 5650), depth: 16, stencil: 0, acc: 0000, samples: 3/1
display  D   display_settings.c:527  _al_score_display_settings       [   0.13361] Score is : 593
display  D   display_settings.c:212  debug_display_settings           [   0.13362] color: 32 (rgba 8880), depth: 0, stencil: 0, acc: 0000, samples: 0/0
display  D   display_settings.c:398  _al_score_display_settings       [   0.13362] Single Buffer requirement not met.
display  D   display_settings.c:212  debug_display_settings           [   0.13363] color: 32 (rgba 8880), depth: 0, stencil: 0, acc: 0000, samples: 0/0
display  D   display_settings.c:398  _al_score_display_settings       [   0.13364] Single Buffer requirement not met.
display  D   display_settings.c:212  debug_display_settings           [   0.13365] color: 32 (rgba 8880), depth: 0, stencil: 0, acc: 0000, samples: 2/1
display  D   display_settings.c:398  _al_score_display_settings       [   0.13365] Single Buffer requirement not met.
display  D   display_settings.c:212  debug_display_settings           [   0.13366] color: 32 (rgba 8880), depth: 0, stencil: 0, acc: 0000, samples: 3/1
display  D   display_settings.c:398  _al_score_display_settings       [   0.13367] Single Buffer requirement not met.
display  D   display_settings.c:212  debug_display_settings           [   0.13368] color: 32 (rgba 8880), depth: 24, stencil: 8, acc: 0000, samples: 0/0
display  D   display_settings.c:398  _al_score_display_settings       [   0.13369] Single Buffer requirement not met.
display  D   display_settings.c:212  debug_display_settings           [   0.13369] color: 32 (rgba 8880), depth: 24, stencil: 8, acc: 0000, samples: 0/0
display  D   display_settings.c:398  _al_score_display_settings       [   0.13370] Single Buffer requirement not met.
display  D   display_settings.c:212  debug_display_settings           [   0.13371] color: 32 (rgba 8880), depth: 24, stencil: 8, acc: 0000, samples: 2/1
display  D   display_settings.c:398  _al_score_display_settings       [   0.13372] Single Buffer requirement not met.
display  D   display_settings.c:212  debug_display_settings           [   0.13372] color: 32 (rgba 8880), depth: 24, stencil: 8, acc: 0000, samples: 3/1
display  D   display_settings.c:398  _al_score_display_settings       [   0.13373] Single Buffer requirement not met.
display  D   display_settings.c:212  debug_display_settings           [   0.13374] color: 32 (rgba 8880), depth: 24, stencil: 0, acc: 0000, samples: 0/0
display  D   display_settings.c:398  _al_score_display_settings       [   0.13375] Single Buffer requirement not met.
display  D   display_settings.c:212  debug_display_settings           [   0.13376] color: 32 (rgba 8880), depth: 24, stencil: 0, acc: 0000, samples: 0/0
display  D   display_settings.c:398  _al_score_display_settings       [   0.13376] Single Buffer requirement not met.
display  D   display_settings.c:212  debug_display_settings           [   0.13377] color: 32 (rgba 8880), depth: 24, stencil: 0, acc: 0000, samples: 2/1
display  D   display_settings.c:398  _al_score_display_settings       [   0.13378] Single Buffer requirement not met.
display  D   display_settings.c:212  debug_display_settings           [   0.13379] color: 32 (rgba 8880), depth: 24, stencil: 0, acc: 0000, samples: 3/1
display  D   display_settings.c:398  _al_score_display_settings       [   0.13379] Single Buffer requirement not met.
display  D   display_settings.c:212  debug_display_settings           [   0.13381] color: 32 (rgba 8880), depth: 16, stencil: 0, acc: 0000, samples: 0/0
display  D   display_settings.c:398  _al_score_display_settings       [   0.13382] Single Buffer requirement not met.
display  D   display_settings.c:212  debug_display_settings           [   0.13383] color: 32 (rgba 8880), depth: 16, stencil: 0, acc: 0000, samples: 0/0
display  D   display_settings.c:398  _al_score_display_settings       [   0.13384] Single Buffer requirement not met.
display  D   display_settings.c:212  debug_display_settings           [   0.13385] color: 32 (rgba 8880), depth: 16, stencil: 0, acc: 0000, samples: 2/1
display  D   display_settings.c:398  _al_score_display_settings       [   0.13385] Single Buffer requirement not met.
display  D   display_settings.c:212  debug_display_settings           [   0.13386] color: 32 (rgba 8880), depth: 16, stencil: 0, acc: 0000, samples: 3/1
display  D   display_settings.c:398  _al_score_display_settings       [   0.13387] Single Buffer requirement not met.
display  D   display_settings.c:212  debug_display_settings           [   0.13388] color: 16 (rgba 5650), depth: 0, stencil: 0, acc: 0000, samples: 0/0
display  D   display_settings.c:398  _al_score_display_settings       [   0.13389] Single Buffer requirement not met.
display  D   display_settings.c:212  debug_display_settings           [   0.13389] color: 16 (rgba 5650), depth: 0, stencil: 0, acc: 0000, samples: 0/0
display  D   display_settings.c:398  _al_score_display_settings       [   0.13390] Single Buffer requirement not met.
display  D   display_settings.c:212  debug_display_settings           [   0.13391] color: 16 (rgba 5650), depth: 0, stencil: 0, acc: 0000, samples: 2/1
display  D   display_settings.c:398  _al_score_display_settings       [   0.13392] Single Buffer requirement not met.
display  D   display_settings.c:212  debug_display_settings           [   0.13392] color: 16 (rgba 5650), depth: 0, stencil: 0, acc: 0000, samples: 3/1
display  D   display_settings.c:398  _al_score_display_settings       [   0.13393] Single Buffer requirement not met.
display  D   display_settings.c:212  debug_display_settings           [   0.13394] color: 16 (rgba 5650), depth: 24, stencil: 8, acc: 0000, samples: 0/0
display  D   display_settings.c:398  _al_score_display_settings       [   0.13395] Single Buffer requirement not met.
display  D   display_settings.c:212  debug_display_settings           [   0.13396] color: 16 (rgba 5650), depth: 24, stencil: 8, acc: 0000, samples: 0/0
display  D   display_settings.c:398  _al_score_display_settings       [   0.13396] Single Buffer requirement not met.
display  D   display_settings.c:212  debug_display_settings           [   0.13397] color: 16 (rgba 5650), depth: 24, stencil: 8, acc: 0000, samples: 2/1
display  D   display_settings.c:398  _al_score_display_settings       [   0.13398] Single Buffer requirement not met.
display  D   display_settings.c:212  debug_display_settings           [   0.13399] color: 16 (rgba 5650), depth: 24, stencil: 8, acc: 0000, samples: 3/1
display  D   display_settings.c:398  _al_score_display_settings       [   0.13399] Single Buffer requirement not met.
display  D   display_settings.c:212  debug_display_settings           [   0.13400] color: 16 (rgba 5650), depth: 24, stencil: 0, acc: 0000, samples: 0/0
display  D   display_settings.c:398  _al_score_display_settings       [   0.13401] Single Buffer requirement not met.
display  D   display_settings.c:212  debug_display_settings           [   0.13402] color: 16 (rgba 5650), depth: 24, stencil: 0, acc: 0000, samples: 0/0
display  D   display_settings.c:398  _al_score_display_settings       [   0.13403] Single Buffer requirement not met.
display  D   display_settings.c:212  debug_display_settings           [   0.13403] color: 16 (rgba 5650), depth: 24, stencil: 0, acc: 0000, samples: 2/1
display  D   display_settings.c:398  _al_score_display_settings       [   0.13404] Single Buffer requirement not met.
display  D   display_settings.c:212  debug_display_settings           [   0.13405] color: 16 (rgba 5650), depth: 24, stencil: 0, acc: 0000, samples: 3/1
display  D   display_settings.c:398  _al_score_display_settings       [   0.13406] Single Buffer requirement not met.
display  D   display_settings.c:212  debug_display_settings           [   0.13407] color: 16 (rgba 5650), depth: 16, stencil: 0, acc: 0000, samples: 0/0
display  D   display_settings.c:398  _al_score_display_settings       [   0.13407] Single Buffer requirement not met.
display  D   display_settings.c:212  debug_display_settings           [   0.13408] color: 16 (rgba 5650), depth: 16, stencil: 0, acc: 0000, samples: 0/0
display  D   display_settings.c:398  _al_score_display_settings       [   0.13409] Single Buffer requirement not met.
display  D   display_settings.c:212  debug_display_settings           [   0.13410] color: 16 (rgba 5650), depth: 16, stencil: 0, acc: 0000, samples: 2/1
display  D   display_settings.c:398  _al_score_display_settings       [   0.13411] Single Buffer requirement not met.
display  D   display_settings.c:212  debug_display_settings           [   0.13411] color: 16 (rgba 5650), depth: 16, stencil: 0, acc: 0000, samples: 3/1
display  D   display_settings.c:398  _al_score_display_settings       [   0.13412] Single Buffer requirement not met.
d3d      D         d3d_disp.cpp:1682 d3d_create_display_internals     [   0.13414] Trying format 0.
d3d      I         d3d_disp.cpp:1358 d3d_display_thread_proc          [   0.13442] Chose a display format: 23
d3d      I         d3d_disp.cpp:1427 d3d_display_thread_proc          [   0.13445] Normal window.
d3d      I         d3d_disp.cpp:791  d3d_create_device                [   0.21584] Using no depth stencil buffer
d3d      D         d3d_disp.cpp:853  d3d_create_device                [   0.24748] BeginScene succeeded in create_device
d3d      D         d3d_disp.cpp:861  d3d_create_device                [   0.24760] Success
d3d      D         d3d_disp.cpp:1705 d3d_create_display_internals     [   0.24765] Resumed after wait.
d3d      I         d3d_disp.cpp:1738 d3d_create_display_internals     [   0.24772] Format 0 succeeded.
d3d      D         d3d_disp.cpp:1769 d3d_create_display_internals     [   0.24775] Returning d3d_display: 00000000028825b0
d3d      D         d3d_disp.cpp:1794 d3d_create_display_locked        [   0.24776] al_display=00000000028825b0
d3d      D         d3d_disp.cpp:1795 d3d_create_display_locked        [   0.24777] al_display->vt=00000000006ded40
system   D            wsystem.c:874  _al_win_safe_load_library        [   0.24826] PathFindOnPath found: C:\WINDOWS\system32\d3dx9_43.dll
system   D            wsystem.c:780  load_library_at_path             [   0.24828] Calling LoadLibrary C:\WINDOWS\system32\d3dx9_43.dll
system   I            wsystem.c:783  load_library_at_path             [   0.24876] Loaded C:\WINDOWS\system32\d3dx9_43.dll
d3dx9    I        d3d_d3dx9.cpp:88   _imp_load_d3dx9_module_version   [   0.24880] Module "d3dx9_43.dll" loaded.
stdio    D         file_stdio.c:110  file_stdio_fopen                 [   0.24886] opening assets/image/menu.jpg rb
stdio    D         file_stdio.c:110  file_stdio_fopen                 [   0.24901] opening assets/image/menu.jpg rb
d3d      D         d3d_disp.cpp:1202 real_choose_bitmap_format        [   0.24920] Fake format
d3d      D         d3d_disp.cpp:1202 real_choose_bitmap_format        [   0.24923] Fake format
d3d      D         d3d_disp.cpp:1202 real_choose_bitmap_format        [   0.24924] Fake format
d3d      D         d3d_disp.cpp:1202 real_choose_bitmap_format        [   0.24925] Fake format
d3d      D         d3d_disp.cpp:1202 real_choose_bitmap_format        [   0.24925] Fake format
d3d      D         d3d_disp.cpp:1202 real_choose_bitmap_format        [   0.24926] Fake format
d3d      D         d3d_disp.cpp:1202 real_choose_bitmap_format        [   0.24927] Fake format
d3d      D         d3d_disp.cpp:1202 real_choose_bitmap_format        [   0.24927] Fake format
d3d      D         d3d_disp.cpp:1202 real_choose_bitmap_format        [   0.24928] Fake format
d3d      D         d3d_disp.cpp:1210 real_choose_bitmap_format        [   0.24929] Alpha doesn't match
d3d      D         d3d_disp.cpp:1217 real_choose_bitmap_format        [   0.24930] Adapter format is 23
d3d      D         d3d_disp.cpp:1220 real_choose_bitmap_format        [   0.24931] Found a format
d3d      I         d3d_disp.cpp:2391 d3d_create_bitmap                [   0.24932] Chose bitmap format 9
dtor     D               dtor.c:196  _al_register_destructor          [   0.24972] added dtor for bitmap 000000000289a810, func 00007ff8870f1bea
stdio    D         file_stdio.c:110  file_stdio_fopen                 [   0.25694] opening assets/image/new_btn_0.png rb
stdio    D         file_stdio.c:110  file_stdio_fopen                 [   0.25712] opening assets/image/new_btn_0.png rb
d3d      D         d3d_disp.cpp:1202 real_choose_bitmap_format        [   0.25727] Fake format
d3d      D         d3d_disp.cpp:1202 real_choose_bitmap_format        [   0.25730] Fake format
d3d      D         d3d_disp.cpp:1202 real_choose_bitmap_format        [   0.25731] Fake format
d3d      D         d3d_disp.cpp:1202 real_choose_bitmap_format        [   0.25732] Fake format
d3d      D         d3d_disp.cpp:1202 real_choose_bitmap_format        [   0.25733] Fake format
d3d      D         d3d_disp.cpp:1202 real_choose_bitmap_format        [   0.25733] Fake format
d3d      D         d3d_disp.cpp:1202 real_choose_bitmap_format        [   0.25734] Fake format
d3d      D         d3d_disp.cpp:1202 real_choose_bitmap_format        [   0.25735] Fake format
d3d      D         d3d_disp.cpp:1202 real_choose_bitmap_format        [   0.25735] Fake format
d3d      D         d3d_disp.cpp:1210 real_choose_bitmap_format        [   0.25736] Alpha doesn't match
d3d      D         d3d_disp.cpp:1217 real_choose_bitmap_format        [   0.25737] Adapter format is 23
d3d      D         d3d_disp.cpp:1220 real_choose_bitmap_format        [   0.25738] Found a format
d3d      I         d3d_disp.cpp:2391 d3d_create_bitmap                [   0.25739] Chose bitmap format 9
dtor     D               dtor.c:196  _al_register_destructor          [   0.25808] added dtor for bitmap 00000000028922b0, func 00007ff8870f1bea
stdio    D         file_stdio.c:110  file_stdio_fopen                 [   0.26028] opening assets/image/new_btn_1.png rb
stdio    D         file_stdio.c:110  file_stdio_fopen                 [   0.26039] opening assets/image/new_btn_1.png rb
d3d      D         d3d_disp.cpp:1202 real_choose_bitmap_format        [   0.26044] Fake format
d3d      D         d3d_disp.cpp:1202 real_choose_bitmap_format        [   0.26045] Fake format
d3d      D         d3d_disp.cpp:1202 real_choose_bitmap_format        [   0.26046] Fake format
d3d      D         d3d_disp.cpp:1202 real_choose_bitmap_format        [   0.26047] Fake format
d3d      D         d3d_disp.cpp:1202 real_choose_bitmap_format        [   0.26047] Fake format
d3d      D         d3d_disp.cpp:1202 real_choose_bitmap_format        [   0.26048] Fake format
d3d      D         d3d_disp.cpp:1202 real_choose_bitmap_format        [   0.26049] Fake format
d3d      D         d3d_disp.cpp:1202 real_choose_bitmap_format        [   0.26050] Fake format
d3d      D         d3d_disp.cpp:1202 real_choose_bitmap_format        [   0.26050] Fake format
d3d      D         d3d_disp.cpp:1210 real_choose_bitmap_format        [   0.26051] Alpha doesn't match
d3d      D         d3d_disp.cpp:1217 real_choose_bitmap_format        [   0.26052] Adapter format is 23
d3d      D         d3d_disp.cpp:1220 real_choose_bitmap_format        [   0.26053] Found a format
d3d      I         d3d_disp.cpp:2391 d3d_create_bitmap                [   0.26053] Chose bitmap format 9
dtor     D               dtor.c:196  _al_register_destructor          [   0.26073] added dtor for bitmap 00000000028925d0, func 00007ff8870f1bea
stdio    D         file_stdio.c:110  file_stdio_fopen                 [   0.26215] opening assets/image/save_btn_0.png rb
stdio    D         file_stdio.c:110  file_stdio_fopen                 [   0.26238] opening assets/image/save_btn_0.png rb
d3d      D         d3d_disp.cpp:1202 real_choose_bitmap_format        [   0.26244] Fake format
d3d      D         d3d_disp.cpp:1202 real_choose_bitmap_format        [   0.26245] Fake format
d3d      D         d3d_disp.cpp:1202 real_choose_bitmap_format        [   0.26246] Fake format
d3d      D         d3d_disp.cpp:1202 real_choose_bitmap_format        [   0.26246] Fake format
d3d      D         d3d_disp.cpp:1202 real_choose_bitmap_format        [   0.26247] Fake format
d3d      D         d3d_disp.cpp:1202 real_choose_bitmap_format        [   0.26248] Fake format
d3d      D         d3d_disp.cpp:1202 real_choose_bitmap_format        [   0.26248] Fake format
d3d      D         d3d_disp.cpp:1202 real_choose_bitmap_format        [   0.26249] Fake format
d3d      D         d3d_disp.cpp:1202 real_choose_bitmap_format        [   0.26250] Fake format
d3d      D         d3d_disp.cpp:1210 real_choose_bitmap_format        [   0.26251] Alpha doesn't match
d3d      D         d3d_disp.cpp:1217 real_choose_bitmap_format        [   0.26251] Adapter format is 23
d3d      D         d3d_disp.cpp:1220 real_choose_bitmap_format        [   0.26252] Found a format
d3d      I         d3d_disp.cpp:2391 d3d_create_bitmap                [   0.26253] Chose bitmap format 9
dtor     D               dtor.c:196  _al_register_destructor          [   0.26283] added dtor for bitmap 0000000002892780, func 00007ff8870f1bea
stdio    D         file_stdio.c:110  file_stdio_fopen                 [   0.26471] opening assets/image/save_btn_1.png rb
stdio    D         file_stdio.c:110  file_stdio_fopen                 [   0.26486] opening assets/image/save_btn_1.png rb
d3d      D         d3d_disp.cpp:1202 real_choose_bitmap_format        [   0.26494] Fake format
d3d      D         d3d_disp.cpp:1202 real_choose_bitmap_format        [   0.26496] Fake format
d3d      D         d3d_disp.cpp:1202 real_choose_bitmap_format        [   0.26497] Fake format
d3d      D         d3d_disp.cpp:1202 real_choose_bitmap_format        [   0.26498] Fake format
d3d      D         d3d_disp.cpp:1202 real_choose_bitmap_format        [   0.26499] Fake format
d3d      D         d3d_disp.cpp:1202 real_choose_bitmap_format        [   0.26500] Fake format
d3d      D         d3d_disp.cpp:1202 real_choose_bitmap_format        [   0.26500] Fake format
d3d      D         d3d_disp.cpp:1202 real_choose_bitmap_format        [   0.26501] Fake format
d3d      D         d3d_disp.cpp:1202 real_choose_bitmap_format        [   0.26502] Fake format
d3d      D         d3d_disp.cpp:1210 real_choose_bitmap_format        [   0.26503] Alpha doesn't match
d3d      D         d3d_disp.cpp:1217 real_choose_bitmap_format        [   0.26503] Adapter format is 23
d3d      D         d3d_disp.cpp:1220 real_choose_bitmap_format        [   0.26504] Found a format
d3d      I         d3d_disp.cpp:2391 d3d_create_bitmap                [   0.26505] Chose bitmap format 9
dtor     D               dtor.c:196  _al_register_destructor          [   0.26527] added dtor for bitmap 0000000002892930, func 00007ff8870f1bea
stdio    D         file_stdio.c:110  file_stdio_fopen                 [   0.26672] opening assets/image/info_btn_0.png rb
stdio    D         file_stdio.c:110  file_stdio_fopen                 [   0.26683] opening assets/image/info_btn_0.png rb
d3d      D         d3d_disp.cpp:1202 real_choose_bitmap_format        [   0.26688] Fake format
d3d      D         d3d_disp.cpp:1202 real_choose_bitmap_format        [   0.26689] Fake format
d3d      D         d3d_disp.cpp:1202 real_choose_bitmap_format        [   0.26690] Fake format
d3d      D         d3d_disp.cpp:1202 real_choose_bitmap_format        [   0.26691] Fake format
d3d      D         d3d_disp.cpp:1202 real_choose_bitmap_format        [   0.26691] Fake format
d3d      D         d3d_disp.cpp:1202 real_choose_bitmap_format        [   0.26692] Fake format
d3d      D         d3d_disp.cpp:1202 real_choose_bitmap_format        [   0.26693] Fake format
d3d      D         d3d_disp.cpp:1202 real_choose_bitmap_format        [   0.26694] Fake format
d3d      D         d3d_disp.cpp:1202 real_choose_bitmap_format        [   0.26694] Fake format
d3d      D         d3d_disp.cpp:1210 real_choose_bitmap_format        [   0.26695] Alpha doesn't match
d3d      D         d3d_disp.cpp:1217 real_choose_bitmap_format        [   0.26696] Adapter format is 23
d3d      D         d3d_disp.cpp:1220 real_choose_bitmap_format        [   0.26697] Found a format
d3d      I         d3d_disp.cpp:2391 d3d_create_bitmap                [   0.26698] Chose bitmap format 9
dtor     D               dtor.c:196  _al_register_destructor          [   0.26721] added dtor for bitmap 0000000002892ae0, func 00007ff8870f1bea
stdio    D         file_stdio.c:110  file_stdio_fopen                 [   0.26822] opening assets/image/info_btn_1.png rb
stdio    D         file_stdio.c:110  file_stdio_fopen                 [   0.26845] opening assets/image/info_btn_1.png rb
d3d      D         d3d_disp.cpp:1202 real_choose_bitmap_format        [   0.26857] Fake format
d3d      D         d3d_disp.cpp:1202 real_choose_bitmap_format        [   0.26860] Fake format
d3d      D         d3d_disp.cpp:1202 real_choose_bitmap_format        [   0.26862] Fake format
d3d      D         d3d_disp.cpp:1202 real_choose_bitmap_format        [   0.26863] Fake format
d3d      D         d3d_disp.cpp:1202 real_choose_bitmap_format        [   0.26865] Fake format
d3d      D         d3d_disp.cpp:1202 real_choose_bitmap_format        [   0.26867] Fake format
d3d      D         d3d_disp.cpp:1202 real_choose_bitmap_format        [   0.26869] Fake format
d3d      D         d3d_disp.cpp:1202 real_choose_bitmap_format        [   0.26870] Fake format
d3d      D         d3d_disp.cpp:1202 real_choose_bitmap_format        [   0.26872] Fake format
d3d      D         d3d_disp.cpp:1210 real_choose_bitmap_format        [   0.26873] Alpha doesn't match
d3d      D         d3d_disp.cpp:1217 real_choose_bitmap_format        [   0.26875] Adapter format is 23
d3d      D         d3d_disp.cpp:1220 real_choose_bitmap_format        [   0.26877] Found a format
d3d      I         d3d_disp.cpp:2391 d3d_create_bitmap                [   0.26878] Chose bitmap format 9
dtor     D               dtor.c:196  _al_register_destructor          [   0.26920] added dtor for bitmap 0000000002892c90, func 00007ff8870f1bea
dtor     D               dtor.c:196  _al_register_destructor          [   0.27012] added dtor for queue 00000000028921c0, func 00007ff88711c5dc
dtor     D               dtor.c:196  _al_register_destructor          [   0.27452] added dtor for timer 00000000028924d0, func 00007ff88712fb3b
stdio    D         file_stdio.c:110  file_stdio_fopen                 [   0.27461] opening assets/image/icon.png rb
stdio    D         file_stdio.c:110  file_stdio_fopen                 [   0.27473] opening assets/image/icon.png rb
d3d      D         d3d_disp.cpp:1202 real_choose_bitmap_format        [   0.27482] Fake format
d3d      D         d3d_disp.cpp:1202 real_choose_bitmap_format        [   0.27484] Fake format
d3d      D         d3d_disp.cpp:1202 real_choose_bitmap_format        [   0.27485] Fake format
d3d      D         d3d_disp.cpp:1202 real_choose_bitmap_format        [   0.27487] Fake format
d3d      D         d3d_disp.cpp:1202 real_choose_bitmap_format        [   0.27488] Fake format
d3d      D         d3d_disp.cpp:1202 real_choose_bitmap_format        [   0.27489] Fake format
d3d      D         d3d_disp.cpp:1202 real_choose_bitmap_format        [   0.27490] Fake format
d3d      D         d3d_disp.cpp:1202 real_choose_bitmap_format        [   0.27491] Fake format
d3d      D         d3d_disp.cpp:1202 real_choose_bitmap_format        [   0.27492] Fake format
d3d      D         d3d_disp.cpp:1210 real_choose_bitmap_format        [   0.27493] Alpha doesn't match
d3d      D         d3d_disp.cpp:1217 real_choose_bitmap_format        [   0.27494] Adapter format is 23
d3d      D         d3d_disp.cpp:1220 real_choose_bitmap_format        [   0.27496] Found a format
d3d      I         d3d_disp.cpp:2391 d3d_create_bitmap                [   0.27497] Chose bitmap format 9
dtor     D               dtor.c:196  _al_register_destructor          [   0.27552] added dtor for bitmap 000000000289aa00, func 00007ff8870f1bea
d3d      D         d3d_disp.cpp:1202 real_choose_bitmap_format        [   0.27926] Fake format
d3d      D         d3d_disp.cpp:1202 real_choose_bitmap_format        [   0.27931] Fake format
d3d      D         d3d_disp.cpp:1202 real_choose_bitmap_format        [   0.27932] Fake format
d3d      D         d3d_disp.cpp:1202 real_choose_bitmap_format        [   0.27933] Fake format
d3d      D         d3d_disp.cpp:1202 real_choose_bitmap_format        [   0.27934] Fake format
d3d      D         d3d_disp.cpp:1202 real_choose_bitmap_format        [   0.27935] Fake format
d3d      D         d3d_disp.cpp:1202 real_choose_bitmap_format        [   0.27936] Fake format
d3d      D         d3d_disp.cpp:1202 real_choose_bitmap_format        [   0.27937] Fake format
d3d      D         d3d_disp.cpp:1202 real_choose_bitmap_format        [   0.27938] Fake format
d3d      D         d3d_disp.cpp:1210 real_choose_bitmap_format        [   0.27939] Alpha doesn't match
d3d      D         d3d_disp.cpp:1217 real_choose_bitmap_format        [   0.27940] Adapter format is 23
d3d      D         d3d_disp.cpp:1220 real_choose_bitmap_format        [   0.27942] Found a format
d3d      I         d3d_disp.cpp:2391 d3d_create_bitmap                [   0.27943] Chose bitmap format 9
dtor     D               dtor.c:196  _al_register_destructor          [   0.27968] added dtor for bitmap 000000000289afe0, func 00007ff8870f1bea
d3d      D          d3d_bmp.cpp:539  _al_d3d_sync_bitmap              [   0.28321] _al_d3d_sync_bitmap (system) ref count == 1
d3d      D          d3d_bmp.cpp:545  _al_d3d_sync_bitmap              [   0.28328] _al_d3d_sync_bitmap (video) ref count == 1
dtor     D               dtor.c:227  _al_unregister_destructor        [   0.28997] removed dtor for bitmap 000000000289afe0
d3d      D         d3d_disp.cpp:1202 real_choose_bitmap_format        [   0.29179] Fake format
d3d      D         d3d_disp.cpp:1202 real_choose_bitmap_format        [   0.29191] Fake format
d3d      D         d3d_disp.cpp:1202 real_choose_bitmap_format        [   0.29192] Fake format
d3d      D         d3d_disp.cpp:1202 real_choose_bitmap_format        [   0.29192] Fake format
d3d      D         d3d_disp.cpp:1202 real_choose_bitmap_format        [   0.29193] Fake format
d3d      D         d3d_disp.cpp:1202 real_choose_bitmap_format        [   0.29194] Fake format
d3d      D         d3d_disp.cpp:1202 real_choose_bitmap_format        [   0.29195] Fake format
d3d      D         d3d_disp.cpp:1202 real_choose_bitmap_format        [   0.29200] Fake format
d3d      D         d3d_disp.cpp:1202 real_choose_bitmap_format        [   0.29201] Fake format
d3d      D         d3d_disp.cpp:1210 real_choose_bitmap_format        [   0.29202] Alpha doesn't match
d3d      D         d3d_disp.cpp:1217 real_choose_bitmap_format        [   0.29203] Adapter format is 23
d3d      D         d3d_disp.cpp:1220 real_choose_bitmap_format        [   0.29204] Found a format
d3d      I         d3d_disp.cpp:2391 d3d_create_bitmap                [   0.29205] Chose bitmap format 9
dtor     D               dtor.c:196  _al_register_destructor          [   0.29240] added dtor for bitmap 000000000289bb60, func 00007ff8870f1bea
d3d      D          d3d_bmp.cpp:539  _al_d3d_sync_bitmap              [   0.29510] _al_d3d_sync_bitmap (system) ref count == 1
d3d      D          d3d_bmp.cpp:545  _al_d3d_sync_bitmap              [   0.29514] _al_d3d_sync_bitmap (video) ref count == 1
dtor     D               dtor.c:227  _al_unregister_destructor        [   0.29635] removed dtor for bitmap 000000000289bb60
acodec   I                ogg.c:204  _al_load_ogg_vorbis              [   0.29702] Loading sample assets/sound/bgm1.ogg.
stdio    D         file_stdio.c:110  file_stdio_fopen                 [   0.29707] opening assets/sound/bgm1.ogg rb
acodec   D                ogg.c:263  _al_load_ogg_vorbis_f            [   0.29761] channels 1
acodec   D                ogg.c:264  _al_load_ogg_vorbis_f            [   0.29765] word_size 2
acodec   D                ogg.c:265  _al_load_ogg_vorbis_f            [   0.29766] rate 16000
acodec   D                ogg.c:266  _al_load_ogg_vorbis_f            [   0.29767] total_samples 976896
acodec   D                ogg.c:267  _al_load_ogg_vorbis_f            [   0.29768] total_size 1953792
dtor     D               dtor.c:196  _al_register_destructor          [   0.31544] added dtor for sample 00000000028967d0, func 00007ff887221a1d
dtor     D               dtor.c:196  _al_register_destructor          [   0.31550] added dtor for sample_instance 00000000006dc890, func 00007ff88721929b
audio    D          kcm_mixer.c:121  _al_rechannel_matrix             [   0.31552] sample matrix:
audio    D          kcm_mixer.c:127  _al_rechannel_matrix             [   0.31553]  0.500000
audio    D          kcm_mixer.c:127  _al_rechannel_matrix             [   0.31554]  0.500000
audio    D          kcm_mixer.c:121  _al_rechannel_matrix             [   0.31555] sample matrix:
audio    D          kcm_mixer.c:127  _al_rechannel_matrix             [   0.31556]  0.250000
audio    D          kcm_mixer.c:127  _al_rechannel_matrix             [   0.31556]  0.250000
d3d      D          d3d_bmp.cpp:539  _al_d3d_sync_bitmap              [   0.31822] _al_d3d_sync_bitmap (system) ref count == 1
d3d      D          d3d_bmp.cpp:545  _al_d3d_sync_bitmap              [   0.31830] _al_d3d_sync_bitmap (video) ref count == 1
d3d      D          d3d_bmp.cpp:539  _al_d3d_sync_bitmap              [   0.32160] _al_d3d_sync_bitmap (system) ref count == 1
d3d      D          d3d_bmp.cpp:545  _al_d3d_sync_bitmap              [   0.32164] _al_d3d_sync_bitmap (video) ref count == 1
d3d      D          d3d_bmp.cpp:539  _al_d3d_sync_bitmap              [   0.32211] _al_d3d_sync_bitmap (system) ref count == 1
d3d      D          d3d_bmp.cpp:545  _al_d3d_sync_bitmap              [   0.32214] _al_d3d_sync_bitmap (video) ref count == 1
d3d      D          d3d_bmp.cpp:539  _al_d3d_sync_bitmap              [   0.32233] _al_d3d_sync_bitmap (system) ref count == 1
d3d      D          d3d_bmp.cpp:545  _al_d3d_sync_bitmap              [   0.32236] _al_d3d_sync_bitmap (video) ref count == 1
d3d      D          d3d_bmp.cpp:539  _al_d3d_sync_bitmap              [   0.32257] _al_d3d_sync_bitmap (system) ref count == 1
d3d      D          d3d_bmp.cpp:545  _al_d3d_sync_bitmap              [   0.32259] _al_d3d_sync_bitmap (video) ref count == 1
d3d      D          d3d_bmp.cpp:539  _al_d3d_sync_bitmap              [   0.32277] _al_d3d_sync_bitmap (system) ref count == 1
d3d      D          d3d_bmp.cpp:545  _al_d3d_sync_bitmap              [   0.32279] _al_d3d_sync_bitmap (video) ref count == 1
d3d      D          d3d_bmp.cpp:539  _al_d3d_sync_bitmap              [   0.32291] _al_d3d_sync_bitmap (system) ref count == 1
d3d      D          d3d_bmp.cpp:545  _al_d3d_sync_bitmap              [   0.32292] _al_d3d_sync_bitmap (video) ref count == 1
d3d      D          d3d_bmp.cpp:539  _al_d3d_sync_bitmap              [   0.32305] _al_d3d_sync_bitmap (system) ref count == 1
d3d      D          d3d_bmp.cpp:545  _al_d3d_sync_bitmap              [   0.32307] _al_d3d_sync_bitmap (video) ref count == 1
dtor     D               dtor.c:227  _al_unregister_destructor        [   0.90821] removed dtor for bitmap 000000000289a810
dtor     D               dtor.c:227  _al_unregister_destructor        [   0.90928] removed dtor for bitmap 0000000002892ae0
dtor     D               dtor.c:227  _al_unregister_destructor        [   0.90942] removed dtor for bitmap 0000000002892780
dtor     D               dtor.c:227  _al_unregister_destructor        [   0.90949] removed dtor for bitmap 00000000028922b0
dtor     D               dtor.c:227  _al_unregister_destructor        [   0.90968] removed dtor for bitmap 0000000002892c90
dtor     D               dtor.c:227  _al_unregister_destructor        [   0.90978] removed dtor for bitmap 0000000002892930
dtor     D               dtor.c:227  _al_unregister_destructor        [   0.90991] removed dtor for bitmap 00000000028925d0
stdio    D         file_stdio.c:110  file_stdio_fopen                 [   0.91001] opening assets/font/shlop.otf rb
font     D                ttf.c:943  al_load_ttf_font_stretch_f       [   0.91026] Font assets/font/shlop.otf loaded with pixel size 0 x 48.
font     D                ttf.c:945  al_load_ttf_font_stretch_f       [   0.91028]     ascent=44.0, descent=-15.0, height=58.0
dtor     D               dtor.c:196  _al_register_destructor          [   0.91029] added dtor for ttf_font 00000000028965c0, func 00007ff887214c05
stdio    D         file_stdio.c:110  file_stdio_fopen                 [   0.91030] opening assets/font/shlop.otf rb
font     D                ttf.c:943  al_load_ttf_font_stretch_f       [   0.91043] Font assets/font/shlop.otf loaded with pixel size 0 x 48.
font     D                ttf.c:945  al_load_ttf_font_stretch_f       [   0.91044]     ascent=44.0, descent=-15.0, height=58.0
dtor     D               dtor.c:196  _al_register_destructor          [   0.91045] added dtor for ttf_font 0000000002896a10, func 00007ff887214c05
stdio    D         file_stdio.c:110  file_stdio_fopen                 [   0.91046] opening assets/image/menu.jpg rb
stdio    D         file_stdio.c:110  file_stdio_fopen                 [   0.91051] opening assets/image/menu.jpg rb
d3d      D         d3d_disp.cpp:1202 real_choose_bitmap_format        [   0.91056] Fake format
d3d      D         d3d_disp.cpp:1202 real_choose_bitmap_format        [   0.91057] Fake format
d3d      D         d3d_disp.cpp:1202 real_choose_bitmap_format        [   0.91058] Fake format
d3d      D         d3d_disp.cpp:1202 real_choose_bitmap_format        [   0.91058] Fake format
d3d      D         d3d_disp.cpp:1202 real_choose_bitmap_format        [   0.91059] Fake format
d3d      D         d3d_disp.cpp:1202 real_choose_bitmap_format        [   0.91060] Fake format
d3d      D         d3d_disp.cpp:1202 real_choose_bitmap_format        [   0.91060] Fake format
d3d      D         d3d_disp.cpp:1202 real_choose_bitmap_format        [   0.91061] Fake format
d3d      D         d3d_disp.cpp:1202 real_choose_bitmap_format        [   0.91062] Fake format
d3d      D         d3d_disp.cpp:1210 real_choose_bitmap_format        [   0.91062] Alpha doesn't match
d3d      D         d3d_disp.cpp:1217 real_choose_bitmap_format        [   0.91063] Adapter format is 23
d3d      D         d3d_disp.cpp:1220 real_choose_bitmap_format        [   0.91064] Found a format
d3d      I         d3d_disp.cpp:2391 d3d_create_bitmap                [   0.91065] Chose bitmap format 9
dtor     D               dtor.c:196  _al_register_destructor          [   0.91090] added dtor for bitmap 0000000002895480, func 00007ff8870f1bea
stdio    D         file_stdio.c:110  file_stdio_fopen                 [   0.91728] opening assets/image/back_btn_0.png rb
stdio    D         file_stdio.c:110  file_stdio_fopen                 [   0.91745] opening assets/image/back_btn_0.png rb
d3d      D         d3d_disp.cpp:1202 real_choose_bitmap_format        [   0.91753] Fake format
d3d      D         d3d_disp.cpp:1202 real_choose_bitmap_format        [   0.91755] Fake format
d3d      D         d3d_disp.cpp:1202 real_choose_bitmap_format        [   0.91756] Fake format
d3d      D         d3d_disp.cpp:1202 real_choose_bitmap_format        [   0.91757] Fake format
d3d      D         d3d_disp.cpp:1202 real_choose_bitmap_format        [   0.91758] Fake format
d3d      D         d3d_disp.cpp:1202 real_choose_bitmap_format        [   0.91759] Fake format
d3d      D         d3d_disp.cpp:1202 real_choose_bitmap_format        [   0.91760] Fake format
d3d      D         d3d_disp.cpp:1202 real_choose_bitmap_format        [   0.91762] Fake format
d3d      D         d3d_disp.cpp:1202 real_choose_bitmap_format        [   0.91763] Fake format
d3d      D         d3d_disp.cpp:1210 real_choose_bitmap_format        [   0.91764] Alpha doesn't match
d3d      D         d3d_disp.cpp:1217 real_choose_bitmap_format        [   0.91765] Adapter format is 23
d3d      D         d3d_disp.cpp:1220 real_choose_bitmap_format        [   0.91767] Found a format
d3d      I         d3d_disp.cpp:2391 d3d_create_bitmap                [   0.91768] Chose bitmap format 9
dtor     D               dtor.c:196  _al_register_destructor          [   0.91795] added dtor for bitmap 00000000029515e0, func 00007ff8870f1bea
stdio    D         file_stdio.c:110  file_stdio_fopen                 [   0.91884] opening assets/image/back_btn_1.png rb
stdio    D         file_stdio.c:110  file_stdio_fopen                 [   0.91893] opening assets/image/back_btn_1.png rb
d3d      D         d3d_disp.cpp:1202 real_choose_bitmap_format        [   0.91897] Fake format
d3d      D         d3d_disp.cpp:1202 real_choose_bitmap_format        [   0.91898] Fake format
d3d      D         d3d_disp.cpp:1202 real_choose_bitmap_format        [   0.91899] Fake format
d3d      D         d3d_disp.cpp:1202 real_choose_bitmap_format        [   0.91900] Fake format
d3d      D         d3d_disp.cpp:1202 real_choose_bitmap_format        [   0.91900] Fake format
d3d      D         d3d_disp.cpp:1202 real_choose_bitmap_format        [   0.91901] Fake format
d3d      D         d3d_disp.cpp:1202 real_choose_bitmap_format        [   0.91902] Fake format
d3d      D         d3d_disp.cpp:1202 real_choose_bitmap_format        [   0.91902] Fake format
d3d      D         d3d_disp.cpp:1202 real_choose_bitmap_format        [   0.91903] Fake format
d3d      D         d3d_disp.cpp:1210 real_choose_bitmap_format        [   0.91904] Alpha doesn't match
d3d      D         d3d_disp.cpp:1217 real_choose_bitmap_format        [   0.91904] Adapter format is 23
d3d      D         d3d_disp.cpp:1220 real_choose_bitmap_format        [   0.91905] Found a format
d3d      I         d3d_disp.cpp:2391 d3d_create_bitmap                [   0.91906] Chose bitmap format 9
dtor     D               dtor.c:196  _al_register_destructor          [   0.91929] added dtor for bitmap 00000000029550e0, func 00007ff8870f1bea
stdio    D         file_stdio.c:110  file_stdio_fopen                 [   0.91961] opening assets/image/savefile_btn_0.png rb
stdio    D         file_stdio.c:110  file_stdio_fopen                 [   0.92075] opening assets/image/savefile_btn_0.png rb
d3d      D         d3d_disp.cpp:1202 real_choose_bitmap_format        [   0.92082] Fake format
d3d      D         d3d_disp.cpp:1202 real_choose_bitmap_format        [   0.92083] Fake format
d3d      D         d3d_disp.cpp:1202 real_choose_bitmap_format        [   0.92084] Fake format
d3d      D         d3d_disp.cpp:1202 real_choose_bitmap_format        [   0.92085] Fake format
d3d      D         d3d_disp.cpp:1202 real_choose_bitmap_format        [   0.92089] Fake format
d3d      D         d3d_disp.cpp:1202 real_choose_bitmap_format        [   0.92091] Fake format
d3d      D         d3d_disp.cpp:1202 real_choose_bitmap_format        [   0.92093] Fake format
d3d      D         d3d_disp.cpp:1202 real_choose_bitmap_format        [   0.92094] Fake format
d3d      D         d3d_disp.cpp:1202 real_choose_bitmap_format        [   0.92095] Fake format
d3d      D         d3d_disp.cpp:1210 real_choose_bitmap_format        [   0.92096] Alpha doesn't match
d3d      D         d3d_disp.cpp:1217 real_choose_bitmap_format        [   0.92097] Adapter format is 23
d3d      D         d3d_disp.cpp:1220 real_choose_bitmap_format        [   0.92098] Found a format
d3d      I         d3d_disp.cpp:2391 d3d_create_bitmap                [   0.92099] Chose bitmap format 9
dtor     D               dtor.c:196  _al_register_destructor          [   0.92132] added dtor for bitmap 0000000002955290, func 00007ff8870f1bea
stdio    D         file_stdio.c:110  file_stdio_fopen                 [   0.92209] opening assets/image/savefile_btn_1.png rb
stdio    D         file_stdio.c:110  file_stdio_fopen                 [   0.92359] opening assets/image/savefile_btn_1.png rb
d3d      D         d3d_disp.cpp:1202 real_choose_bitmap_format        [   0.92371] Fake format
d3d      D         d3d_disp.cpp:1202 real_choose_bitmap_format        [   0.92373] Fake format
d3d      D         d3d_disp.cpp:1202 real_choose_bitmap_format        [   0.92373] Fake format
d3d      D         d3d_disp.cpp:1202 real_choose_bitmap_format        [   0.92374] Fake format
d3d      D         d3d_disp.cpp:1202 real_choose_bitmap_format        [   0.92375] Fake format
d3d      D         d3d_disp.cpp:1202 real_choose_bitmap_format        [   0.92375] Fake format
d3d      D         d3d_disp.cpp:1202 real_choose_bitmap_format        [   0.92376] Fake format
d3d      D         d3d_disp.cpp:1202 real_choose_bitmap_format        [   0.92377] Fake format
d3d      D         d3d_disp.cpp:1202 real_choose_bitmap_format        [   0.92377] Fake format
d3d      D         d3d_disp.cpp:1210 real_choose_bitmap_format        [   0.92378] Alpha doesn't match
d3d      D         d3d_disp.cpp:1217 real_choose_bitmap_format        [   0.92379] Adapter format is 23
d3d      D         d3d_disp.cpp:1220 real_choose_bitmap_format        [   0.92380] Found a format
d3d      I         d3d_disp.cpp:2391 d3d_create_bitmap                [   0.92381] Chose bitmap format 9
dtor     D               dtor.c:196  _al_register_destructor          [   0.92401] added dtor for bitmap 0000000002955440, func 00007ff8870f1bea
d3d      D         d3d_disp.cpp:1202 real_choose_bitmap_format        [   0.92493] Fake format
d3d      D         d3d_disp.cpp:1202 real_choose_bitmap_format        [   0.92495] Fake format
d3d      D         d3d_disp.cpp:1202 real_choose_bitmap_format        [   0.92495] Fake format
d3d      D         d3d_disp.cpp:1202 real_choose_bitmap_format        [   0.92496] Fake format
d3d      D         d3d_disp.cpp:1202 real_choose_bitmap_format        [   0.92497] Fake format
d3d      D         d3d_disp.cpp:1202 real_choose_bitmap_format        [   0.92498] Fake format
d3d      D         d3d_disp.cpp:1202 real_choose_bitmap_format        [   0.92498] Fake format
d3d      D         d3d_disp.cpp:1202 real_choose_bitmap_format        [   0.92499] Fake format
d3d      D         d3d_disp.cpp:1202 real_choose_bitmap_format        [   0.92500] Fake format
d3d      D         d3d_disp.cpp:1210 real_choose_bitmap_format        [   0.92500] Alpha doesn't match
d3d      D         d3d_disp.cpp:1217 real_choose_bitmap_format        [   0.92501] Adapter format is 23
d3d      D         d3d_disp.cpp:1220 real_choose_bitmap_format        [   0.92502] Found a format
d3d      I         d3d_disp.cpp:2391 d3d_create_bitmap                [   0.92503] Chose bitmap format 9
font     D                ttf.c:243  alloc_glyph_region               [   0.92517] Glyph 52: 20x43 (20x44)
font     D                ttf.c:287  alloc_glyph_region               [   0.92518] Locking glyph region: 0000000002951790 0 0 20 44
font     D                ttf.c:167  unlock_current_page              [   0.92661] Unlocking page: 0000000002951790
font     D                ttf.c:243  alloc_glyph_region               [   0.92669] Glyph 67: 20x40 (20x40)
font     D                ttf.c:287  alloc_glyph_region               [   0.92670] Locking glyph region: 0000000002951790 20 0 20 40
font     D                ttf.c:167  unlock_current_page              [   0.92672] Unlocking page: 0000000002951790
font     D                ttf.c:243  alloc_glyph_region               [   0.92677] Glyph 80: 22x41 (24x44)
font     D                ttf.c:287  alloc_glyph_region               [   0.92677] Locking glyph region: 0000000002951790 40 0 24 44
font     D                ttf.c:167  unlock_current_page              [   0.92689] Unlocking page: 0000000002951790
font     D                ttf.c:243  alloc_glyph_region               [   0.92694] Glyph 77: 21x42 (24x44)
font     D                ttf.c:287  alloc_glyph_region               [   0.92695] Locking glyph region: 0000000002951790 64 0 24 44
font     D                ttf.c:167  unlock_current_page              [   0.92697] Unlocking page: 0000000002951790
font     D                ttf.c:243  alloc_glyph_region               [   0.92703] Glyph 48: 22x41 (24x44)
font     D                ttf.c:287  alloc_glyph_region               [   0.92703] Locking glyph region: 0000000002951790 88 0 24 44
font     D                ttf.c:167  unlock_current_page              [   0.92718] Unlocking page: 0000000002951790
font     D                ttf.c:243  alloc_glyph_region               [   0.92723] Glyph 79: 26x44 (28x44)
font     D                ttf.c:287  alloc_glyph_region               [   0.92724] Locking glyph region: 0000000002951790 112 0 28 44
font     D                ttf.c:167  unlock_current_page              [   0.92727] Unlocking page: 0000000002951790
font     D                ttf.c:243  alloc_glyph_region               [   0.92731] Glyph 71: 18x40 (20x40)
font     D                ttf.c:287  alloc_glyph_region               [   0.92732] Locking glyph region: 0000000002951790 140 0 20 40
font     D                ttf.c:167  unlock_current_page              [   0.92733] Unlocking page: 0000000002951790
font     D                ttf.c:243  alloc_glyph_region               [   0.92737] Glyph 46: 17x41 (20x44)
font     D                ttf.c:287  alloc_glyph_region               [   0.92738] Locking glyph region: 0000000002951790 160 0 20 44
font     D                ttf.c:167  unlock_current_page              [   0.92747] Unlocking page: 0000000002951790
font     D                ttf.c:243  alloc_glyph_region               [   0.92751] Glyph 88: 22x42 (24x44)
font     D                ttf.c:287  alloc_glyph_region               [   0.92751] Locking glyph region: 0000000002951790 180 0 24 44
font     D                ttf.c:167  unlock_current_page              [   0.92754] Unlocking page: 0000000002951790
font     D                ttf.c:243  alloc_glyph_region               [   0.92757] Glyph 78: 17x41 (20x44)
font     D                ttf.c:287  alloc_glyph_region               [   0.92757] Locking glyph region: 0000000002951790 204 0 20 44
font     D                ttf.c:167  unlock_current_page              [   0.92763] Unlocking page: 0000000002951790
font     D                ttf.c:243  alloc_glyph_region               [   0.92824] Glyph 19: 13x41 (16x44)
font     D                ttf.c:287  alloc_glyph_region               [   0.92828] Locking glyph region: 0000000002951790 224 0 16 44
font     D                ttf.c:167  unlock_current_page              [   0.92873] Unlocking page: 0000000002951790
font     D                ttf.c:243  alloc_glyph_region               [   0.92885] Glyph 76: 13x43 (16x44)
font     D                ttf.c:287  alloc_glyph_region               [   0.92888] Locking glyph region: 0000000002951790 240 0 16 44
font     D                ttf.c:167  unlock_current_page              [   0.92910] Unlocking page: 0000000002951790
font     D                ttf.c:243  alloc_glyph_region               [   0.92918] Glyph 75: 10x41 (12x44)
font     D                ttf.c:287  alloc_glyph_region               [   0.92919] Locking glyph region: 0000000002951790 256 0 12 44
font     D                ttf.c:167  unlock_current_page              [   0.92922] Unlocking page: 0000000002951790
font     D                ttf.c:243  alloc_glyph_region               [   0.92927] Glyph 18: 20x41 (20x44)
font     D                ttf.c:287  alloc_glyph_region               [   0.92928] Locking glyph region: 0000000002951790 268 0 20 44
font     D                ttf.c:167  unlock_current_page              [   0.92961] Unlocking page: 0000000002951790
font     D                ttf.c:243  alloc_glyph_region               [   0.92971] Glyph 20: 19x41 (20x44)
font     D                ttf.c:287  alloc_glyph_region               [   0.92973] Locking glyph region: 0000000002951790 288 0 20 44
font     D                ttf.c:167  unlock_current_page              [   0.92992] Unlocking page: 0000000002951790
font     D                ttf.c:243  alloc_glyph_region               [   0.93004] Glyph 72: 17x39 (20x40)
font     D                ttf.c:287  alloc_glyph_region               [   0.93007] Locking glyph region: 0000000002951790 308 0 20 40
font     D                ttf.c:167  unlock_current_page              [   0.93021] Unlocking page: 0000000002951790
font     D                ttf.c:243  alloc_glyph_region               [   0.93028] Glyph 21: 19x43 (20x44)
font     D                ttf.c:287  alloc_glyph_region               [   0.93029] Locking glyph region: 0000000002951790 328 0 20 44
font     D                ttf.c:167  unlock_current_page              [   0.93045] Unlocking page: 0000000002951790
font     D                ttf.c:243  alloc_glyph_region               [   0.93052] Glyph 70: 20x39 (20x40)
font     D                ttf.c:287  alloc_glyph_region               [   0.93053] Locking glyph region: 0000000002951790 348 0 20 40
font     D                ttf.c:167  unlock_current_page              [   0.93066] Unlocking page: 0000000002951790
font     D                ttf.c:243  alloc_glyph_region               [   0.93072] Glyph 22: 20x41 (20x44)
font     D                ttf.c:287  alloc_glyph_region               [   0.93073] Locking glyph region: 0000000002951790 368 0 20 44
font     D                ttf.c:167  unlock_current_page              [   0.93087] Unlocking page: 0000000002951790
font     D                ttf.c:446  cache_glyph                      [   0.93090] Glyph 2 has zero size.
font     D                ttf.c:243  alloc_glyph_region               [   0.93095] Glyph 23: 19x44 (20x44)
font     D                ttf.c:287  alloc_glyph_region               [   0.93096] Locking glyph region: 0000000002951790 388 0 20 44
font     D                ttf.c:167  unlock_current_page              [   0.93105] Unlocking page: 0000000002951790
font     D                ttf.c:243  alloc_glyph_region               [   0.93111] Glyph 85: 19x45 (20x48)
font     D                ttf.c:287  alloc_glyph_region               [   0.93112] Locking glyph region: 0000000002951790 408 0 20 48
font     D                ttf.c:167  unlock_current_page              [   0.93126] Unlocking page: 0000000002951790
d3d      D          d3d_bmp.cpp:539  _al_d3d_sync_bitmap              [   0.93281] _al_d3d_sync_bitmap (system) ref count == 1
d3d      D          d3d_bmp.cpp:545  _al_d3d_sync_bitmap              [   0.93284] _al_d3d_sync_bitmap (video) ref count == 1
d3d      D          d3d_bmp.cpp:539  _al_d3d_sync_bitmap              [   0.93644] _al_d3d_sync_bitmap (system) ref count == 1
d3d      D          d3d_bmp.cpp:545  _al_d3d_sync_bitmap              [   0.93650] _al_d3d_sync_bitmap (video) ref count == 1
d3d      D          d3d_bmp.cpp:539  _al_d3d_sync_bitmap              [   0.93713] _al_d3d_sync_bitmap (system) ref count == 1
d3d      D          d3d_bmp.cpp:545  _al_d3d_sync_bitmap              [   0.93716] _al_d3d_sync_bitmap (video) ref count == 1
d3d      D          d3d_bmp.cpp:539  _al_d3d_sync_bitmap              [   0.93774] _al_d3d_sync_bitmap (system) ref count == 1
d3d      D          d3d_bmp.cpp:545  _al_d3d_sync_bitmap              [   0.93777] _al_d3d_sync_bitmap (video) ref count == 1
d3d      D          d3d_bmp.cpp:539  _al_d3d_sync_bitmap              [   0.93801] _al_d3d_sync_bitmap (system) ref count == 1
d3d      D          d3d_bmp.cpp:545  _al_d3d_sync_bitmap              [   0.93806] _al_d3d_sync_bitmap (video) ref count == 1
d3d      D          d3d_bmp.cpp:539  _al_d3d_sync_bitmap              [   0.93821] _al_d3d_sync_bitmap (system) ref count == 1
d3d      D          d3d_bmp.cpp:545  _al_d3d_sync_bitmap              [   0.93824] _al_d3d_sync_bitmap (video) ref count == 1
dtor     D               dtor.c:227  _al_unregister_destructor        [  17.71540] removed dtor for queue 00000000028921c0
d3d      I         d3d_disp.cpp:915  d3d_destroy_display              [  17.71552] destroying display 00000000028825b0 (current 0000000000000000)
bitmap   D        bitmap_type.c:308  _al_convert_to_memory_bitmap     [  17.71965] converting display bitmap 0000000002951790 to memory bitmap
dtor     D               dtor.c:196  _al_register_destructor          [  17.71973] added dtor for bitmap 0000000002896320, func 00007ff8870f1bea
d3d      D          d3d_bmp.cpp:539  _al_d3d_sync_bitmap              [  17.71976] _al_d3d_sync_bitmap (system) ref count == 1
d3d      D          d3d_bmp.cpp:545  _al_d3d_sync_bitmap              [  17.71977] _al_d3d_sync_bitmap (video) ref count == 1
dtor     D               dtor.c:227  _al_unregister_destructor        [  17.72560] removed dtor for bitmap 0000000002896320
bitmap   D        bitmap_type.c:308  _al_convert_to_memory_bitmap     [  17.72638] converting display bitmap 0000000002955440 to memory bitmap
dtor     D               dtor.c:196  _al_register_destructor          [  17.72641] added dtor for bitmap 0000000002896320, func 00007ff8870f1bea
d3d      D          d3d_bmp.cpp:539  _al_d3d_sync_bitmap              [  17.72642] _al_d3d_sync_bitmap (system) ref count == 1
d3d      D          d3d_bmp.cpp:545  _al_d3d_sync_bitmap              [  17.72643] _al_d3d_sync_bitmap (video) ref count == 1
dtor     D               dtor.c:227  _al_unregister_destructor        [  17.72704] removed dtor for bitmap 0000000002896320
bitmap   D        bitmap_type.c:308  _al_convert_to_memory_bitmap     [  17.72713] converting display bitmap 0000000002955290 to memory bitmap
dtor     D               dtor.c:196  _al_register_destructor          [  17.72715] added dtor for bitmap 0000000002896320, func 00007ff8870f1bea
d3d      D          d3d_bmp.cpp:539  _al_d3d_sync_bitmap              [  17.72717] _al_d3d_sync_bitmap (system) ref count == 1
d3d      D          d3d_bmp.cpp:545  _al_d3d_sync_bitmap              [  17.72717] _al_d3d_sync_bitmap (video) ref count == 1
dtor     D               dtor.c:227  _al_unregister_destructor        [  17.72814] removed dtor for bitmap 0000000002896320
bitmap   D        bitmap_type.c:308  _al_convert_to_memory_bitmap     [  17.72824] converting display bitmap 00000000029550e0 to memory bitmap
dtor     D               dtor.c:196  _al_register_destructor          [  17.72826] added dtor for bitmap 0000000002896320, func 00007ff8870f1bea
d3d      D          d3d_bmp.cpp:539  _al_d3d_sync_bitmap              [  17.72828] _al_d3d_sync_bitmap (system) ref count == 1
d3d      D          d3d_bmp.cpp:545  _al_d3d_sync_bitmap              [  17.72829] _al_d3d_sync_bitmap (video) ref count == 1
dtor     D               dtor.c:227  _al_unregister_destructor        [  17.72864] removed dtor for bitmap 0000000002896320
bitmap   D        bitmap_type.c:308  _al_convert_to_memory_bitmap     [  17.72876] converting display bitmap 00000000029515e0 to memory bitmap
dtor     D               dtor.c:196  _al_register_destructor          [  17.72877] added dtor for bitmap 0000000002896320, func 00007ff8870f1bea
d3d      D          d3d_bmp.cpp:539  _al_d3d_sync_bitmap              [  17.72878] _al_d3d_sync_bitmap (system) ref count == 1
d3d      D          d3d_bmp.cpp:545  _al_d3d_sync_bitmap              [  17.72879] _al_d3d_sync_bitmap (video) ref count == 1
dtor     D               dtor.c:227  _al_unregister_destructor        [  17.72912] removed dtor for bitmap 0000000002896320
bitmap   D        bitmap_type.c:308  _al_convert_to_memory_bitmap     [  17.72922] converting display bitmap 0000000002895480 to memory bitmap
dtor     D               dtor.c:196  _al_register_destructor          [  17.72924] added dtor for bitmap 0000000002896320, func 00007ff8870f1bea
d3d      D          d3d_bmp.cpp:539  _al_d3d_sync_bitmap              [  17.72925] _al_d3d_sync_bitmap (system) ref count == 1
d3d      D          d3d_bmp.cpp:545  _al_d3d_sync_bitmap              [  17.72926] _al_d3d_sync_bitmap (video) ref count == 1
dtor     D               dtor.c:227  _al_unregister_destructor        [  17.73352] removed dtor for bitmap 0000000002896320
bitmap   D        bitmap_type.c:308  _al_convert_to_memory_bitmap     [  17.73407] converting display bitmap 000000000289aa00 to memory bitmap
dtor     D               dtor.c:196  _al_register_destructor          [  17.73410] added dtor for bitmap 0000000002896320, func 00007ff8870f1bea
d3d      D          d3d_bmp.cpp:539  _al_d3d_sync_bitmap              [  17.73411] _al_d3d_sync_bitmap (system) ref count == 1
d3d      D          d3d_bmp.cpp:545  _al_d3d_sync_bitmap              [  17.73412] _al_d3d_sync_bitmap (video) ref count == 1
dtor     D               dtor.c:227  _al_unregister_destructor        [  17.73515] removed dtor for bitmap 0000000002896320
d3d      D         d3d_disp.cpp:899  d3d_destroy_display_internals    [  17.73540] waiting for display 00000000028825b0's thread to end
d3d      W         d3d_disp.cpp:608  d3d_destroy_device               [  17.75096] d3d_destroy_device: ref count not 0
d3d      I         d3d_disp.cpp:1562 d3d_display_thread_proc          [  17.75861] d3d display thread exits
dtor     D               dtor.c:227  _al_unregister_destructor        [  17.76044] removed dtor for ttf_font 00000000028965c0
dtor     D               dtor.c:227  _al_unregister_destructor        [  17.76098] removed dtor for ttf_font 0000000002896a10
dtor     D               dtor.c:227  _al_unregister_destructor        [  17.76104] removed dtor for bitmap 0000000002895480
dtor     D               dtor.c:227  _al_unregister_destructor        [  17.76131] removed dtor for bitmap 00000000029515e0
dtor     D               dtor.c:227  _al_unregister_destructor        [  17.76134] removed dtor for bitmap 00000000029550e0
dtor     D               dtor.c:227  _al_unregister_destructor        [  17.76135] removed dtor for bitmap 0000000002955290
dtor     D               dtor.c:227  _al_unregister_destructor        [  17.76137] removed dtor for bitmap 0000000002955440
dtor     D               dtor.c:116  _al_run_destructors              [  17.76139] calling dtor for bitmap 000000000289aa00, func 00007ff8870f1bea
dtor     D               dtor.c:227  _al_unregister_destructor        [  17.76141] removed dtor for bitmap 000000000289aa00
dtor     D               dtor.c:116  _al_run_destructors              [  17.76146] calling dtor for timer 00000000028924d0, func 00007ff88712fb3b
dtor     D               dtor.c:227  _al_unregister_destructor        [  17.76147] removed dtor for timer 00000000028924d0
dtor     D               dtor.c:227  _al_unregister_destructor        [  17.76148] removed dtor for sample_instance 00000000006db270
dtor     D               dtor.c:227  _al_unregister_destructor        [  17.76150] removed dtor for sample_instance 00000000006db7d0
dtor     D               dtor.c:227  _al_unregister_destructor        [  17.76150] removed dtor for sample_instance 00000000006daf80
dtor     D               dtor.c:227  _al_unregister_destructor        [  17.76156] removed dtor for sample_instance 00000000028804c0
dtor     D               dtor.c:227  _al_unregister_destructor        [  17.76159] removed dtor for sample_instance 0000000002880040
dtor     D               dtor.c:227  _al_unregister_destructor        [  17.76162] removed dtor for sample_instance 0000000002880dc0
dtor     D               dtor.c:227  _al_unregister_destructor        [  17.76163] removed dtor for sample_instance 0000000002880280
dtor     D               dtor.c:227  _al_unregister_destructor        [  17.76164] removed dtor for sample_instance 0000000002880160
dtor     D               dtor.c:227  _al_unregister_destructor        [  17.76165] removed dtor for sample_instance 00000000028803a0
dtor     D               dtor.c:227  _al_unregister_destructor        [  17.76166] removed dtor for sample_instance 0000000002880ca0
dtor     D               dtor.c:227  _al_unregister_destructor        [  17.76167] removed dtor for sample_instance 00000000028805e0
dtor     D               dtor.c:227  _al_unregister_destructor        [  17.76168] removed dtor for sample_instance 0000000002880940
dtor     D               dtor.c:227  _al_unregister_destructor        [  17.76169] removed dtor for sample_instance 0000000002880700
dtor     D               dtor.c:227  _al_unregister_destructor        [  17.76170] removed dtor for sample_instance 0000000002880820
dtor     D               dtor.c:227  _al_unregister_destructor        [  17.76171] removed dtor for sample_instance 0000000002880a60
dtor     D               dtor.c:227  _al_unregister_destructor        [  17.76172] removed dtor for sample_instance 0000000002880b80
dtor     D               dtor.c:227  _al_unregister_destructor        [  17.76173] removed dtor for sample_instance 00000000006dcd10
dtor     D               dtor.c:227  _al_unregister_destructor        [  17.76174] removed dtor for sample_instance 00000000006dc650
dtor     D               dtor.c:227  _al_unregister_destructor        [  17.76174] removed dtor for sample_instance 00000000006dc1d0
dtor     D               dtor.c:227  _al_unregister_destructor        [  17.76175] removed dtor for sample_instance 00000000006dce30
dtor     D               dtor.c:227  _al_unregister_destructor        [  17.76177] removed dtor for mixer 00000000006dace0
audio-dsound D           dsound.cpp:528  _dsound_stop_voice               [  17.76178] Stopping voice
audio-dsound D           dsound.cpp:545  _dsound_stop_voice               [  17.76179] Joining thread
audio-dsound D           dsound.cpp:551  _dsound_stop_voice               [  17.76704] Joined thread
audio-dsound D           dsound.cpp:553  _dsound_stop_voice               [  17.76709] Destroying thread
audio-dsound D           dsound.cpp:555  _dsound_stop_voice               [  17.76711] Thread destroyed
audio-dsound D           dsound.cpp:562  _dsound_stop_voice               [  17.76713] Releasing buffer
audio-dsound I           dsound.cpp:566  _dsound_stop_voice               [  17.76714] Voice stopped
dtor     D               dtor.c:227  _al_unregister_destructor        [  17.76716] removed dtor for voice 00000000006d8f20
audio-dsound D           dsound.cpp:380  _dsound_deallocate_voice         [  17.76717] Deallocating voice
audio-dsound D           dsound.cpp:385  _dsound_deallocate_voice         [  17.76721] Deallocated voice
dtor     D               dtor.c:116  _al_run_destructors              [  17.76722] calling dtor for sample_instance 00000000006dc890, func 00007ff88721929b
dtor     D               dtor.c:227  _al_unregister_destructor        [  17.76724] removed dtor for sample_instance 00000000006dc890
dtor     D               dtor.c:116  _al_run_destructors              [  17.76725] calling dtor for sample 00000000028967d0, func 00007ff887221a1d
dtor     D               dtor.c:227  _al_unregister_destructor        [  17.76726] removed dtor for sample 00000000028967d0
audio-dsound D           dsound.cpp:296  _dsound_close                    [  17.76742] Releasing device
audio-dsound D           dsound.cpp:298  _dsound_close                    [  17.91395] Released device
audio-dsound I           dsound.cpp:299  _dsound_close                    [  17.91400] DirectSound closed
